Year,Artist,Artist (original),Name,Spotify,RAND
2013,KATY PERRY,KATY PERRY,Roar,http://open.spotify.com/track/27tNWlhdAryQY04Gb2ZhUI,0.92419684
1999,X-SESSION,X-SESSION,On And On,http://open.spotify.com/track/2VCgXl6dU4VEDrDjoKWTlp,0.930537316
1995,BOYZONE,BOYZONE,Love Me For A Reason,http://open.spotify.com/track/2GBoo6ufWtMy1s6lqgbjJ8,0.214458306
2023,TEDDY SWIMS,TEDDY SWIMS,Lose Control,https://open.spotify.com/track/17phhZDn6oGtzMe56NuWvj?si=273c3482305b478e,0.311965927
2015,MIKE POSNER & SEEB,MIKE POSNER,I Took A Pill In Ibiza (Seeb Remix),http://open.spotify.com/track/1MtUq6Wp1eQ8PC6BbPCj8P,0.857957301
2002,SHAGGY,SHAGGY,Hey Sexy Lady,http://open.spotify.com/track/4u8IPU322yG7mNrqv89GGL,0.336000768
1982,SURVIVOR,SURVIVOR,Eye Of The Tiger,http://open.spotify.com/track/2KH16WveTQWT6KOG9Rg6e2,0.036640936
2005,PUSSYCAT DOLLS,THE PUSSYCAT DOLLS,Don't Cha,http://open.spotify.com/track/1gZ7i4qxXkHZb1r6eioaAP,0.656244264
2020,HARRY STYLES,HARRY STYLES,Watermelon Sugar,http://open.spotify.com/track/6UelLqGlWMcVH1E5c4H7lY,0.90535706
2007,RIHANNA,RIHANNA,Don't Stop The Music,http://open.spotify.com/track/0ByMNEPAPpOR5H69DVrTNy,0.204482564
2011,RIHANNA,RIHANNA,Man Down,http://open.spotify.com/track/454h9zAIuTe1eJyw9iTnj4,0.886841042
1987,FLEETWOOD MAC,FLEETWOOD MAC,Little Lies,http://open.spotify.com/track/4CoSCPlKNrWli7E5kFtbcl,0.800530768
2023,METEJOOR,METEJOOR,Eigen Schuld,http://open.spotify.com/track/1KxRzfQuO8k0dCua9JVRgM,0.420732528
2003,K3,K3,Oya Lélé,https://open.spotify.com/track/6obJhxyLxEFlNOiqPKVR8i,0.600216092
1983,U2,U2,New Year's Day,http://open.spotify.com/track/2CwMxEXxMiLRrKPLjQLmne,0.869634657
2018,DYNORO & GIGI D'AGOSTINO,DYNORO,In My Mind,http://open.spotify.com/track/0E9ZjEAyAwOXZ7wJC0PD33,0.240366234
1984,U2,U2,Pride (In The Name Of Love),http://open.spotify.com/track/27BZWbka20kOIlB8Jhvzoo,0.123938539
1983,UB40,UB40,Red Red Wine,http://open.spotify.com/track/4uOKFydzAejjSFqYbv1XPt,0.6572622
2001,ENRIQUE IGLESIAS,ENRIQUE IGLESIAS,Hero,http://open.spotify.com/track/24Gxm7Eh7tO83E26LG0CsY,0.185949792
2021,FLEMMING,FLEMMING,Zij Wil Mij,https://open.spotify.com/track/01F3XjTDNiB5v3hfAPi7qT?si=c7b181bb71d345e3,0.192484561
2010,TOM DICE,TOM DICE,Me And My Guitar,http://open.spotify.com/track/4cdzY3vgDsEhlnBk3PhrRO,0.908204585
1995,NOORDKAAP,NOORDKAAP,Ik Hou Van U,https://open.spotify.com/track/51YihgaPLlhMhsezyCYwza?si=947507d3e9c6471d,0.184410341
1986,BANGLES,BANGLES,Manic Monday,http://open.spotify.com/track/00vYs0qZA40Z8AAaN7xmMO,0.573798615
2023,LUKE COMBS,LUKE COMBS,Fast Car,https://open.spotify.com/track/1Lo0QY9cvc8sUB2vnIOxDT?si=f60dca5d461244be,0.330046773
1976,DOLLY PARTON,DOLLY PARTON,Jolene,http://open.spotify.com/track/2SpEHTbUuebeLkgs9QB7Ue,0.874818297
2006,CLOUSEAU,CLOUSEAU,Vonken En Vuur,http://open.spotify.com/track/7ynYrgiwfEhEeSq18w0Vah,0.833155352
2023,DEAN LEWIS,DEAN LEWIS,Trust Me Mate,http://open.spotify.com/track/6w8pFOKn42O418qwcQElZ3,0.953982352
2008,BEYONCÉ,BEYONCÉ,If I Were A Boy,http://open.spotify.com/track/26NX1wPt1TRCH536yocd6i,0.033257298
1996,OASIS,OASIS,Wonderwall,https://open.spotify.com/track/1qPbGZqppFwLwcBC1JQ6Vr?si=8671a56aa26d4581,0.484503294
1993,2 UNLIMITED,2 UNLIMITED,No Limit,https://open.spotify.com/track/7pSJmBTlbA4S5zSLsj6Pzz,0.306912049
1986,PRINCE,PRINCE,Kiss,http://open.spotify.com/track/62LJFaYihsdVrrkgUOJC05,0.666991926
2003,JUSTIN TIMBERLAKE,JUSTIN TIMBERLAKE,Cry Me A River,http://open.spotify.com/track/7Lf7oSEVdzZqTA0kEDSlS5,0.674240374
2008,COLDPLAY,COLDPLAY,Viva La Vida,http://open.spotify.com/track/1mea3bSkSGXuIRvnydlB5b,0.481317498
2022,OSCAR AND THE WOLF,OSCAR AND THE WOLF,Warrior,http://open.spotify.com/track/78mqrdXY3nrAwh93OoPfiK,0.438477537
2002,P!NK,P!NK,Get The Party Started,http://open.spotify.com/track/02jcEwywffn3Tsb48fXmlW,0.769827108
2008,AMY MacDONALD,AMY MACDONALD,This Is The Life,http://open.spotify.com/track/3hjWiSJ81P3hOxdBXiqSW4,0.262426191
2007,MILK INC,MILK INC.,Sunrise,http://open.spotify.com/track/61WGMd2D1kT57A5sqvXiLR,0.238000803
2011,RIHANNA,RIHANNA,Man Down,http://open.spotify.com/track/454h9zAIuTe1eJyw9iTnj4,0.680026253
2024,MARK AMBOR,MARK AMBOR,Belong Together,https://open.spotify.com/track/5uQ7de4EWjb3rkcFxyEOpu?,0.45348779
2009,MUMFORD and SONS,MUMFORD & SONS,Little Lion Man,http://open.spotify.com/track/6JnufVNLIO5F5Lk4sEVLeI,0.182851773
2023,CYRIL,CYRIL,Stumblin' In,https://open.spotify.com/track/0h3Xy4V4apMraB5NuM8U7Z,0.121007053
1995,OASIS,OASIS,Don't Look Back In Anger,http://open.spotify.com/track/12dU3vAh6AFoJkisorfoUl,0.39621519
1995,BON JOVI,BON JOVI,This Ain't A Love Song,http://open.spotify.com/track/0ZLBD6hHGN9LYOtNlu2n8e,0.993248382
2007,AVRIL LAVIGNE,AVRIL LAVIGNE,When You're Gone,http://open.spotify.com/track/54JKnDB3CzVu8wNAOM27BI,0.325964755
2013,JOHN LEGEND,JOHN LEGEND,All Of Me,http://open.spotify.com/track/3U4isOIWM3VvDubwSI3y7a,0.864778357
2007,ALICIA KEYS,ALICIA KEYS,No One,http://open.spotify.com/track/6IwKcFdiRQZOWeYNhUiWIv,0.750508476
2018,JAMES ARTHUR & ANNE-MARIE,JAMES ARTHUR,Rewrite The Stars,https://open.spotify.com/track/6mQLN3zRtAp6ovjusyYKrV?si=zqcHu2BpQeuNJKrjrqjTaA,0.992140046
2000,BRITNEY SPEARS,BRITNEY SPEARS,Oops! I Did It Again,http://open.spotify.com/track/6naxalmIoLFWR0siv8dnQQ,0.842797955
2007,PLAIN WHITE T's,PLAIN WHITE T'S,Hey There Delilah,http://open.spotify.com/track/4RCWB3V8V0dignt99LZ8vH,0.936924827
2016,IMANY,IMANY,Don't Be So Shy (Filatov & Karas Remix),http://open.spotify.com/track/5BdyLPUrtE5IweoiQsxScs,0.097954152
1996,CLOUSEAU,CLOUSEAU,Nobelprijs,http://open.spotify.com/track/3k00o3Q8Ex7pdfDD1rG92M,0.079092574
1998,ALL SAINTS,ALL SAINTS,Never Ever,http://open.spotify.com/track/6ZqShH7EyyJ5ofSs8CZ9pT,0.174869181
1994,GREEN DAY,GREEN DAY,Basket Case,http://open.spotify.com/track/6L89mwZXSOwYl76YXfX13s,0.464135257
2009,ADELE,ADELE,Make You Feel My Love,http://open.spotify.com/track/5FgPwJ7Nh2FVmIXviKl2VF,0.447139529
1985,U2,U2,Sunday Bloody Sunday,http://open.spotify.com/track/6C4LXC9UFH1IKiHYOp0BiJ,0.271371064
1988,TRACY CHAPMAN,TRACY CHAPMAN,Fast Car,http://open.spotify.com/track/2M9ro2krNb7nr7HSprkEgo,0.801718107
2020,OFENBACH & QUARTERHEAD,OFENBACH,Head Shoulders Knees & Toes,http://open.spotify.com/track/6i7zAdNhzUN2k1HcrBxPHG,0.155417052
1997,BACKSTREET BOYS,BACKSTREET BOYS,Everybody (Backstreet's Back),http://open.spotify.com/track/4rTeOSYqwXNz5qPR2DUTFZ,0.958645472
1998,CHER,CHER,Believe,http://open.spotify.com/track/2goLsvvODILDzeeiT4dAoR,0.181731719
1992,GUNS 'N' ROSES,GUNS N' ROSES,Knockin' On Heaven's Door,http://open.spotify.com/track/2C4aYxNpoPkmoZ3ZdPeuOB,0.526620553
1996,CHAKA KHAN,CHAKA KHAN,Ain't Nobody,https://open.spotify.com/track/2NVpYQqdraEcQwqT7GhUkh?si=d846c0f78bc94c8f,0.303310488
1978,ABBA,ABBA,Thank You For The Music,http://open.spotify.com/track/08GOw3NsrJ0LsCCeyqzt3b,0.554500234
1984,GEORGE MICHAEL,GEORGE MICHAEL,Careless Whisper,http://open.spotify.com/track/4jDmJ51x1o9NZB5Nxxc7gY,0.756202348
2016,MILOW,MILOW,Howling At The Moon,http://open.spotify.com/track/0lj2nJSYWe41NhF07SRAtI,0.077160556
1977,QUEEN,QUEEN,We Will Rock You,http://open.spotify.com/track/54flyrjcdnQdco7300avMJ,0.61049292
1988,ERIC CLAPTON,ERIC CLAPTON,Wonderful Tonight,http://open.spotify.com/track/6zC0mpGYwbNTpk9SKwh08f,0.936334012
2009,KINGS OF LEON,KINGS OF LEON,Use Somebody,http://open.spotify.com/track/5VGlqQANWDKJFl0MBG3sg2,0.968792209
2011,DON OMAR and LUCENZO,DON OMAR ,Danza Kuduro,https://open.spotify.com/track/6DXLO8LndZMVOHM0wNbpzg,0.46169467
2024,BENSON BOONE,BENSON BOONE,Beautiful Things,http://open.spotify.com/track/6tNQ70jh4OwmPGpYy6R2o9,0.503003594
2007,COLBIE CAILLAT,COLBIE CAILLAT,Bubbly,https://open.spotify.com/track/1lkvpmrCaXK8QtliFDcHBO?si=cec2c8aaca444d19,0.085146305
2002,ROBBIE WILLIAMS,ROBBIE WILLIAMS,Feel,http://open.spotify.com/track/2Ms33RTRCT6gArrpcrPxmo,0.578427482
2002,KATE RYAN,KATE RYAN,Désenchantée,http://open.spotify.com/track/0eAvGqc9t4Wuc6gDcSi5Aa,0.215499723
2024,POST MALONE & MORGAN WALLEN,POST MALONE,I Had Some Help,https://open.spotify.com/track/7221xIgOnuakPdLqT0F3nP?si=11a921652b184408,0.73010517
1987,MICHAEL JACKSON and SIEDAH GARRETT,MICHAEL JACKSON,I Just Can't Stop Loving You,http://open.spotify.com/track/2fytePz8UsbUr8n33QBEcm,0.182737088
2011,ED SHEERAN,ED SHEERAN,The A Team,http://open.spotify.com/track/1VdZ0vKfR5jneCmWIUAMxK,0.242111834
2017,ED SHEERAN,ED SHEERAN,Shape Of You,http://open.spotify.com/track/7qiZfU4dY1lWllzX7mPBI3,0.230357678
1987,MADONNA,MADONNA,La Isla Bonita,http://open.spotify.com/track/6r8k1vznHrzlEKYxL4dZEe,0.998799578
2024,OSCAR AND THE WOLF,OSCAR AND THE WOLF,Somebody Without U,http://open.spotify.com/track/7lQUiU7ig8VnBUF0cHZGOH,0.379990494
2001,TRAIN,TRAIN,Drops Of Jupiter (Tell Me),https://open.spotify.com/track/2hKdd3qO7cWr2Jo0Bcs0MA,0.174609091
1994,BON JOVI,BON JOVI,Always,http://open.spotify.com/track/2RChe0r2cMoyOvuKobZy44,0.555801883
2003,CHRISTINA AGUILERA,CHRISTINA AGUILERA ,Beautiful,http://open.spotify.com/track/3TCauNPqFiniaYHBvEVoHG,0.735789863
2016,SHAWN MENDES,SHAWN MENDES,Treat You Better,http://open.spotify.com/track/3QGsuHI8jO1Rx4JWLUh9jd,0.765493461
2022,"DAVID GUETTA, BECKY HILL & ELLA HENDERSON",DAVID GUETTA,Crazy What Love Can Do,http://open.spotify.com/track/1WCEAGGRD066z2Q89ObXTq,0.839645982
2001,ALICIA KEYS,ALICIA KEYS,Fallin',http://open.spotify.com/track/3unsLiH5FXmaDWtT5Imolu,0.45315392
1985,STARSHIP,STARSHIP,We Built This City,https://open.spotify.com/track/6OnfBiiSc9RGKiBKKtZXgQ?si=bcd2badbce474455,0.367972261
2007,FOO FIGHTERS,FOO FIGHTERS,The Pretender,http://open.spotify.com/track/6HNruFQlzQx4ulL4ppRLYI,0.32628477
1975,BOB MARLEY and THE WAILERS,BOB MARLEY & THE WAILERS,"No Woman, No Cry",http://open.spotify.com/track/423hwXFgoN8RYmqLoLuVvY,0.218527154
1985,ZZ TOP,ZZ TOP,Gimme All Your Lovin',http://open.spotify.com/track/0OBwxFLu6Yj61s2OagYbgY,0.818584394
2012,SWEDISH HOUSE MAFIA,SWEDISH HOUSE MAFIA,Don't You Worry Child,http://open.spotify.com/track/2V65y3PX4DkRhy1djlxd9p,0.747362987
2018,IMAGINE DRAGONS,IMAGINE DRAGONS,Natural,https://open.spotify.com/track/4zIO3ilp5HvTeK3HJHxhMP?si=if18x1c4SjmCKpWdapK7ww,0.004498198
2007,AMY WINEHOUSE and MARK RONSON,AMY WINEHOUSE,Valerie,https://open.spotify.com/track/4BfRDZLIiznSnwU7DdDL9N,0.886650992
2014,GALANTIS,GALANTIS,Runaway (U & I),http://open.spotify.com/track/46lFttIf5hnUZMGvjK0Wxo,0.638256569
2010,KATY PERRY,KATY PERRY,Last Friday Night,http://open.spotify.com/track/455AfCsOhhLPRc68sE01D8,0.174119997
1996,FAITHLESS,FAITHLESS,Insomnia,http://open.spotify.com/track/7gWc0QEt2hoIkMv3XxPY1T,0.685880319
1992,RAGE AGAINST THE MACHINE,RAGE AGAINST THE MACHINE,Killing In The Name,http://open.spotify.com/track/59WN2psjkt1tyaxjspN8fp,0.229786732
1985,BRUCE SPRINGSTEEN,BRUCE SPRINGSTEEN,Dancing In The Dark,http://open.spotify.com/track/7FwBtcecmlpc1sLySPXeGE,0.285870451
1982,ABBA,ABBA,Happy New Year,http://open.spotify.com/track/4oUfwAQJZGPufJHHzUNByB,0.782932012
1990,CLOUSEAU,CLOUSEAU,Daar Gaat Ze,http://open.spotify.com/track/1pQcaYky2rRxSeUdZld9xk,0.093251214
1975,DE STRANGERS,DE STRANGERS,Oh Mijnen Blauwe Geschelpte,https://open.spotify.com/track/0LXgI2t317SYsnnhdQTQfa?si=62c9ac3ea4274643,0.141868299
1986,MICHAEL JACKSON,MICHAEL JACKSON,Man In The Mirror,http://open.spotify.com/track/1kiNatIrwDusOZfR29W0LJ,0.934997674
1997,NO DOUBT,NO DOUBT,Don't Speak,http://open.spotify.com/track/6urCAbunOQI4bLhmGpX7iS,0.534020506
2005,JAMES BLUNT,JAMES BLUNT,You're Beautiful,http://open.spotify.com/track/0vg4WnUWvze6pBOJDTq99k,0.385792384
2010,TRAIN,TRAIN,"Hey, Soul Sister",http://open.spotify.com/track/4HlFJV71xXKIGcU3kRyttv,0.82122799
2018,LEWIS CAPALDI,LEWIS CAPALDI,Someone You Loved,http://open.spotify.com/track/7qEHsqek33rTcFNT9PFqLf,0.39902302
1965,SIMON & GARFUNKEL,SIMON & GARFUNKEL,The Sound Of Silence,https://open.spotify.com/track/3YfS47QufnLDFA71FUsgCM?si=b8f5e01f35864420,0.007694108
2000,DAFT PUNK,DAFT PUNK,One More Time,http://open.spotify.com/track/0DiWol3AO6WpXZgp0goxAV,0.68658812
1971,NICOLE en HUGO,NICOLE EN HUGO,Goeiemorgen Morgen,http://open.spotify.com/track/3qbzmo1SLEKwYPE3LbVZq7,0.792188524
1966,EDDY WALLY,EDDY WALLY,Cherie,https://open.spotify.com/track/6xGrfC9dLTcDOm6Lu6b60a?si=e6e9e39148bb4bb8,0.763118171
2014,THE MAGICIAN & YEARS & YEARS,THE MAGICIAN,Sunlight,https://open.spotify.com/track/5r3aYGutXgsxSqB6W3RrzJ,0.043713929
2003,GENE THOMAS,GENE THOMAS,Voor Haar,http://open.spotify.com/track/6Eo1dr6WWUb8IVJvVOdhXN,0.77526588
2015,ELLIE GOULDING,ELLIE GOULDING,Love Me Like You Do,http://open.spotify.com/track/3zHq9ouUJQFQRf3cm1rRLu,0.158580934
2004,AVRIL LAVIGNE,AVRIL LAVIGNE,My Happy Ending,http://open.spotify.com/track/5uA4ZpS2DTLwbHpKHlsSqd,0.321132869
2013,MILEY CYRUS,MILEY CYRUS,Wrecking Ball,http://open.spotify.com/track/2vwlzO0Qp8kfEtzTsCXfyE,0.806669833
1970,BEATLES,BEATLES,Let It Be,https://open.spotify.com/track/7iN1s7xHE4ifF5povM6A48?si=03e4366d669a4b9b,0.060226864
2024,DUA LIPA,DUA LIPA,Illusion,https://open.spotify.com/track/59xD5osEFsaNt5PXfIKUnX,0.834450111
1996,GET READY!,GET READY!,Diep,https://open.spotify.com/track/5LZ8hCjKFfMXc0TfOHCNxL?si=91836e033213457f,0.243522994
2023,TEDDY SWIMS,TEDDY SWIMS,The Door,https://open.spotify.com/track/3dj4wgM3cPeuLwMNHDuBon?si=bc97112c62054324,0.525677485
1992,BON JOVI,BON JOVI,Keep The Faith,http://open.spotify.com/track/5EWtBjCLy21d1hY9zdaEe8,0.98340583
1997,THE VERVE,THE VERVE,Bitter Sweet Symphony,http://open.spotify.com/track/57iDDD9N9tTWe75x6qhStw,0.741144726
2015,ONE DIRECTION,ONE DIRECTION,Perfect,http://open.spotify.com/track/3NLnwwAQbbFKcEcV8hDItk,0.966385645
1987,U2,U2,With Or Without You,http://open.spotify.com/track/6ADSaE87h8Y3lccZlBJdXH,0.619998233
2022,MÅNESKIN,MÅNESKIN,The Loneliest,https://open.spotify.com/track/1Ame8XTX6QHY0l0ahqUhgv,0.260803091
1994,MARCO BORSATO,MARCO BORSATO,Dromen Zijn Bedrog,http://open.spotify.com/track/2o4iWZOFE8kkl0tK66WADw,0.995115265
2024,POMMELIEN THIJS,POMMELIEN THIJS,Het Beste Moet Nog Komen,http://open.spotify.com/track/2DcgyrzipwNRBuAw9nzpDG,0.266915732
2011,BRUNO MARS,BRUNO MARS,The Lazy Song,http://open.spotify.com/track/386RUes7n1uM1yfzgeUuwp,0.723778661
2012,LOREEN,LOREEN,Euphoria,http://open.spotify.com/track/2knr7ikPt4l7bk92qS4ZXW,0.068028565
1993,ACE OF BASE,ACE OF BASE,All That She Wants,http://open.spotify.com/track/6kWJvPfC4DgUpRsXKNa9z9,0.52995665
1987,BELINDA CARLISLE,BELINDA CARLISLE,Heaven Is A Place On Earth,https://open.spotify.com/track/37Q5anxoGWYdRsyeXkkNoI?si=9745a03180d14c71,0.656695251
1999,FOO FIGHTERS,FOO FIGHTERS,Learn To Fly,http://open.spotify.com/track/5OQsiBsky2k2kDKy2bX2eT,0.762481822
1977,QUEEN,QUEEN,We Are The Champions,http://open.spotify.com/track/2GMJRFm2WT5Yj79So2SDmp,0.976631118
1998,AEROSMITH,AEROSMITH,I Don't Want To Miss A Thing,http://open.spotify.com/track/225xvV8r1yKMHErSWivnow,0.67741851
2024,MAKSIM & HANNAH MAE,HANNAH MAE,Ik Wil Dat Je Liegt,https://open.spotify.com/track/6ifKXZTqAuLA35TGCVuGBU,0.3963873
2021,MEAU,MEAU,Dat Heb Jij Gedaan,http://open.spotify.com/track/6lgIi3ixBsr4cMt3r19yX9,0.195409447
2021,OLIVIA RODRIGO,OLIVIA RODRIGO,Good 4 U,http://open.spotify.com/track/4ZtFanR9U6ndgddUvNcjcG,0.773600097
2017,IMAGINE DRAGONS,IMAGINE DRAGONS,Believer,http://open.spotify.com/track/0pqnGHJpmpxLKifKRmU6WP,0.138844926
2003,NATALIA,NATALIA,I've Only Begun To Fight,http://open.spotify.com/track/2wzObIRy87Nr9c9lTLkgiT,0.423415576
2002,LAS KETCHUP,LAS KETCHUP,The Ketchup Song (Asereje),http://open.spotify.com/track/6NG2IIXZfC5Notpz0GIODU,0.376342508
1978,OLIVIA NEWTON-JOHN,OLIVIA NEWTON-JOHN,Hopelessly Devoted To You,http://open.spotify.com/track/5BUq9bdtsm3LWw5laJeJ4R,0.123440074
1991,GORKI,GORKI,Lieve Kleine Piranha,http://open.spotify.com/track/4kpcVNmLKAjCdKOwLWkQQn,0.7950432
2018,PANIC! AT THE DISCO,PANIC! AT THE DISCO,High Hopes,http://open.spotify.com/track/1rqqCSm0Qe4I9rUvWncaom,0.212863847
2006,KELLY CLARKSON,KELLY CLARKSON,Because Of You,http://open.spotify.com/track/3f3omU8n47Mqyab5nCaGyT,0.061641537
2020,KYGO & TINA TURNER,KYGO,What's Love Got To Do With It,http://open.spotify.com/track/3Be7CLdHZpyzsVijme39cW,0.13104501
1993,CULTURE BEAT,CULTURE BEAT,Mr. Vain,http://open.spotify.com/track/4ih3dyFZoeTdaeJW9mPbOI,0.3876515
2007,MILK INC,MILK INC.,Tonight,http://open.spotify.com/track/49Yq6aOTJmoZYQaNf4Iuex,0.538143082
2006,MARCO BORSATO,MARCO BORSATO,Rood,http://open.spotify.com/track/3yxFiZHkQgJmLEyhij30rr,0.258725041
2007,LINKIN PARK,LINKIN PARK,What I've Done,http://open.spotify.com/track/18lR4BzEs7e3qzc0KVkTpU,0.184139405
1978,MEAT LOAF and ELLEN FOLEY,MEAT LOAF,Paradise By The Dashboard Light,http://open.spotify.com/track/2g7gviEeJr6pyxO7G35EWQ,0.418428359
2013,HOZIER,HOZIER,Take Me To Church,http://open.spotify.com/track/1CS7Sd1u5tWkstBhpssyjP,0.727584934
1978,DIRE STRAITS,DIRE STRAITS,Sultans Of Swing,http://open.spotify.com/track/6cr6UDpkjEaMQ80OjWqEBQ,0.382676239
1993,2 BROTHERS ON THE 4th FLOOR,2 BROTHERS ON THE 4TH FLOOR,Never Alone,http://open.spotify.com/track/4cqiLvFRDuV8ClE61eMmZx,0.324493892
1983,MICHAEL JACKSON,MICHAEL JACKSON,Billie Jean,http://open.spotify.com/track/5ChkMS8OtdzJeqyybCc9R5,0.127856228
1973,BILLY JOEL,BILLY JOEL,Piano Man,http://open.spotify.com/track/70C4NyhjD5OZUMzvWZ3njJ,0.5947087
2014,ENRIQUE IGLESIAS & SEAN PAUL,ENRIQUE IGLESIAS,Bailando,http://open.spotify.com/track/3VMSMjB4Yx79FDDrmYCk3N,0.13927327
1997,ROBBIE WILLIAMS,ROBBIE WILLIAMS,Let Me Entertain You,http://open.spotify.com/track/76SFcrLi5d60pHrzfvSjsJ,0.314759977
1981,JOURNEY,JOURNEY,Don't Stop Believin',https://open.spotify.com/track/77NNZQSqzLNqh2A9JhLRkg?si=e513c5a53c2c405d,0.911137027
2010,STROMAE,STROMAE,Alors On Danse,http://open.spotify.com/track/2GYHyAoLWpkxLVa4oYTVko,0.454430764
2020,MASTER KG,MASTER KG,Jerusalema ,http://open.spotify.com/track/2MlOUXmcofMackX3bxfSwi,0.07399724
2009,DAVID GUETTA and AKON,DAVID GUETTA,Sexy Bitch,http://open.spotify.com/track/28O4PwkH8bzARStxeL4pxL,0.824757212
2001,LINKIN PARK,LINKIN PARK,In The End,http://open.spotify.com/track/60a0Rd6pjrkxjPbaKzXjfq,0.907028922
2013,STROMAE,STROMAE,Formidable,http://open.spotify.com/track/382n05RtneO3ykQlFQrAd1,0.140874542
1983,EURYTHMICS,EURYTHMICS,Sweet Dreams (Are Made Of This),https://open.spotify.com/track/1TfqLAPs4K3s2rJMoCokcS,0.942723064
2001,KYLIE MINOGUE,KYLIE MINOGUE,Can't Get You out of My Head,https://open.spotify.com/track/3E7ZwUMJFqpsDOJzEkBrQ7?si=a23ce65cd9c9424d,0.863803287
2022,DEAN LEWIS,DEAN LEWIS,How Do I Say Goodbye,http://open.spotify.com/track/5hnGrTBaEsdukpDF6aZg8a,0.40479015
2022,BERRE,BERRE,Better Off Alone,http://open.spotify.com/track/2jwsv7yOKwI4nd0UmrAnVq,0.816056618
2023,NATHAN DAWE & JOEL CORRY & ELLA HENDERSON,NATHAN DAWE,0800 Heaven,https://open.spotify.com/track/2Vewxhl9sD0IhO9Az4qLS5,0.478862978
1995,SKUNK ANANSIE,SKUNK ANANSIE,Weak,http://open.spotify.com/track/08peUkRXVqOPjTalCjhr1g,0.308930762
2000,ENRIQUE IGLESIAS,ENRIQUE IGLESIAS,Rhythm Divine,http://open.spotify.com/track/067sYyLu6IdRP5bCubdSfl,0.342406018
1984,CYNDI LAUPER,CYNDI LAUPER,Time After Time,http://open.spotify.com/track/7o9uu2GDtVDr9nsR7ZRN73,0.870104118
2019,GEORGE EZRA,GEORGE EZRA,Pretty Shining People,https://open.spotify.com/track/2JVwsN6viHjR9t5pCPQ4Br,0.352018886
2016,SIA,SIA,Cheap Thrills,http://open.spotify.com/track/27SdWb2rFzO6GWiYDBTD9j,0.244918799
2001,THE CALLING,THE CALLING,Wherever You Will Go,http://open.spotify.com/track/5QpaGzWp0hwB5faV8dkbAz,0.543626071
2024,DUA LIPA,DUA LIPA,Training Season,https://open.spotify.com/track/6Qb7YsAqH4wWFUMbGsCpap,0.64711622
1987,CROWDED HOUSE,CROWDED HOUSE,Don't Dream It's Over,http://open.spotify.com/track/7G7tgVYORlDuVprcYHuFJh,0.836843617
2018,NIELS DESTADSBADER,NIELS DESTADSBADER,Verover Mij (Live),http://open.spotify.com/track/5mhtUpxhJs4rWhCe2HwgjP,0.235094383
2000,ANOUK,ANOUK,Michel,http://open.spotify.com/track/14ue7xEp7uoJCUfluNlSbp,0.917583415
2021,THE WEEKND,THE WEEKND,Take My Breath,http://open.spotify.com/track/2vgUijXOTRMnWXDtvgMp2b,0.407261852
2002,P!NK,P!NK,Just Like A Pill,http://open.spotify.com/track/1BpV8IGf4XsRRJf4Xuui9q,0.257358554
2017,AJR,AJR,Weak,http://open.spotify.com/track/5DZwnLxHjWTZaz9jOpRhxb,0.178434147
2020,JAWSH 685 & JASON DERULO,JASON DERULO,Savage Love,http://open.spotify.com/track/1xQ6trAsedVPCdbtDAmk0c,0.282180222
2017,THE CHAINSMOKERS & COLDPLAY,THE CHAINSMOKERS,Something Just Like This,http://open.spotify.com/track/6RUKPb4LETWmmr3iAEQktW,0.169892112
2010,RIHANNA,RIHANNA,Only Girl (In The World),http://open.spotify.com/track/2ENexcMEMsYk0rVJigVD3i,0.828791158
1992,ROXETTE,ROXETTE,How Do You Do!,http://open.spotify.com/track/3BK8mbUFbBZ3mI5HE4eqCR,0.465007962
2005,DANIEL POWTER,DANIEL POWTER,Bad Day,http://open.spotify.com/track/0mUyMawtxj1CJ76kn9gIZK,0.463135328
2009,BEYONCÉ,BEYONCÉ,Single Ladies (Put A Ring On It) ,http://open.spotify.com/track/2ZBNclC5wm4GtiWaeh0DMx,0.683210061
1989,CLOUSEAU,CLOUSEAU,Anne,http://open.spotify.com/track/7jYDoLDENGtkV3JFylSXI9,0.108962564
2024,CLEAN BANDIT & ANNE-MARIE,CLEAN BANDIT,Cry Baby,https://open.spotify.com/track/7oDSG2Q9RBU0QjgtfYQOdD,0.201929063
1987,U2,U2,Where The Streets Have No Name,http://open.spotify.com/track/4qgZs0RNjdzKAS22lP0QjY,0.157189846
2010,SWEDISH HOUSE MAFIA & PHARRELL,SWEDISH HOUSE MAFIA,One (Your Name),http://open.spotify.com/track/6iznpTNBnljkbP0WtAfn50,0.275996052
1988,SOULSISTER,SOULSISTER,The Way To Your Heart,http://open.spotify.com/track/7h7yYTlVSHY3Fk7mSb0cDZ,0.462949468
2023,POMMELIEN THIJS,POMMELIEN THIJS,Erop Of Eronder,http://open.spotify.com/track/66dGbMxzOVbhv2CwnfA3MJ,0.061708663
1994,REDNEX,REDNEX,Cotton Eye Joe,http://open.spotify.com/track/0Jg602cHeMCnPez9baacIe,0.493098853
1967,THE BEATLES,THE BEATLES,Lucy In The Sky With Diamonds,https://open.spotify.com/track/5wLkhxwU7B9DNglfZAIrQ8?si=3cf8bca264424dca,0.082090225
2003,BLACK EYED PEAS and JUSTIN TIMBERLAKE,BLACK EYED PEAS,Where Is The Love?,http://open.spotify.com/track/3CNqo3gYrfexdrtjFmC9he,0.565245244
2012,ALICIA KEYS,ALICIA KEYS,Girl On Fire,http://open.spotify.com/track/4esOae7i4rqTbAu9o5Pxco,0.925886901
1991,THE SCENE,THE SCENE,Iedereen Is Van De Wereld,http://open.spotify.com/track/2YqFLkxAUQZZkeCLm0GPoP,0.056720631
2013,BRUNO MARS,BRUNO MARS,When I Was Your Man,http://open.spotify.com/track/0nJW01T7XtvILxQgC5J7Wh,0.464116312
2013,ONE DIRECTION,ONE DIRECTION,Best Song Ever,http://open.spotify.com/track/4qrSd9NMui1V19MEnIAhj7,0.913714677
2013,ELLIE GOULDING,ELLIE GOULDING,How Long Will I Love You,http://open.spotify.com/track/0ZPfDxZn5O0L84wvPSN2iG,0.275155863
1990,CLOUSEAU,CLOUSEAU,Domino,http://open.spotify.com/track/6sRzuQrqNyPrbRPo6qeaNJ,0.94161936
2015,THE WEEKND,THE WEEKND,Can't Feel My Face,http://open.spotify.com/track/22VdIZQfgXJea34mQxlt81,0.215439872
2023,BILLY GILLIES & HANNAH BOLEYN,BILLY GILLIES & HANNAH BOLEYN,Dna (Loving You),http://open.spotify.com/track/6ibDVMcMUNqZ5eXT9sD4Vy,0.098238779
1992,NIRVANA,NIRVANA,Lithium,http://open.spotify.com/track/2YodwKJnbPyNKe8XXSE9V7,0.923738469
2007,RIHANNA,RIHANNA,Shut Up And Drive,http://open.spotify.com/track/4Tn2llBm1g0UlWctmgPL8Z,0.648968566
1976,QUEEN,QUEEN,Bohemian Rhapsody,http://open.spotify.com/track/1pwE0jB6MTtTWx8fzqriAj,0.854489582
1999,ENRIQUE IGLESIAS,ENRIQUE IGLESIAS,Bailamos,http://open.spotify.com/track/2bbeNsFmjZqdoDhjLsKNWe,0.8833536
2000,RED HOT CHILI PEPPERS,RED HOT CHILI PEPPERS,Californication,http://open.spotify.com/track/48UPSzbZjgc449aqz8bxox,0.335093005
2018,CALVIN HARRIS & DUA LIPA,CALVIN HARRIS,One Kiss,http://open.spotify.com/track/7ef4DlsgrMEH11cDZd32M6,0.999772094
2020,JOEL CORRY & MNEK,MNEK,Head & Heart,http://open.spotify.com/track/6cx06DFPPHchuUAcTxznu9,0.934197723
2019,ROBIN SCHULZ,ROBIN SCHULZ,Speechless,http://open.spotify.com/track/1rCcsYnmqbMYdkG7kS9GC5,0.295842843
2012,OF MONSTERS AND MEN,OF MONSTERS AND MEN,Little Talks,http://open.spotify.com/track/2ihCaVdNZmnHZWt0fvAM7B,0.591511568
1983,THE POLICE,THE POLICE,Every Breath You Take,http://open.spotify.com/track/1JSTJqkT5qHq8MDJnJbRE1,0.175268728
1985,DIRE STRAITS,DIRE STRAITS,Walk Of Life,http://open.spotify.com/track/423o3ZHIaBtGXyhF1uH41a,0.018759808
1976,ABBA,ABBA,Dancing Queen,http://open.spotify.com/track/2rgqPSIRAfaO2MGo9smdSX,0.605236583
1989,GUNS N' ROSES,GUNS N' ROSES,Paradise City,http://open.spotify.com/track/6eN1f9KNmiWEhpE2RhQqB5,0.536331048
2001,WHEATUS,WHEATUS,Teenage Dirtbag,http://open.spotify.com/track/25FTMokYEbEWHEdss5JLZS,0.085301572
1993,R E M,R.E.M.,Everybody Hurts,http://open.spotify.com/track/6PypGyiu0Y2lCDBN1XZEnP,0.865772601
1984,CYNDI LAUPER,CYNDI LAUPER,Girls Just Want To Have Fun,http://open.spotify.com/track/4y1LsJpmMti1PfRQV9AWWe,0.275734503
2024,POMMELIEN THIJS & MEAU,POMMELIEN THIJS,Het Midden,https://open.spotify.com/track/5650jkmPhrqy7sdXQ9O9mL?si=b03250d58d7a4bc7,0.283114844
1984,POINTER SISTERS,POINTER SISTERS,Jump (For My Love),http://open.spotify.com/track/59K6GctkD8lWljFYa8eE6D,0.211792427
2017,ANNE-MARIE,ANNE-MARIE,Ciao Adios,http://open.spotify.com/track/01BC4Xj5tfsfV8DLDrma7q,0.089448217
2020,DUA LIPA & ANGELE,DUA LIPA,Fever,http://open.spotify.com/track/3wJVBz7gvGTwTWVAxFa6ny,0.692061458
1996,FOOL's GARDEN,FOOLS GARDEN,Lemon Tree,http://open.spotify.com/track/4fXGWiVhlOLdhwRDP6pIFG,0.545903352
2011,LMFAO,LMFAO,Party Rock Anthem,http://open.spotify.com/track/0IkKz2J93C94Ei4BvDop7P,0.736995436
2006,KATE RYAN,KATE RYAN,Je T'adore,http://open.spotify.com/track/1YuXoPqkTQOXpFJtjf5GWd,0.203925121
2024,MYLES SMITH,MYLES SMITH,Stargazing,https://open.spotify.com/track/3Vr3zh0r7ALn8VLqCiRR10,0.472713476
2018,REGI & JAKE REESE,REGI,Ellie,http://open.spotify.com/track/3vosNWlFmG5vUV8VepHDlc,0.430967326
2011,RIHANNA and CALVIN HARRIS,RIHANNA,We Found Love,http://open.spotify.com/track/6qn9YLKt13AGvpq9jfO8py,0.584104148
1979,DE STRANGERS,DE STRANGERS,Bij De Rijkswacht,https://open.spotify.com/track/2J11B1ExqMjaruLIuMjPvM?si=0d0710f87d304113,0.031853639
1981,JOHN LENNON,JOHN LENNON,Imagine,https://open.spotify.com/track/7pKfPomDEeI4TPT6EOYjn9?si=50747fefde4c4deb,0.431644771
1988,GUNS 'N' ROSES,GUNS N' ROSES,Sweet Child O' Mine,https://open.spotify.com/track/7o2CTH4ctstm8TNelqjb51,0.464664259
2017,BANNERS,BANNERS,Someone To You,http://open.spotify.com/track/2f0pn9DkEJwAzXApnFh5cr,0.25732066
1996,DEEP ZONE,DEEP ZONE,It's Gonna Be Alright,http://open.spotify.com/track/5CZ9DnFwB43qVf1tqodHa7,0.917278859
2009,OWL CITY,OWL CITY,Fireflies,http://open.spotify.com/track/3DamFFqW32WihKkTVlwTYQ,0.696872459
2002,SHAKIRA,SHAKIRA,"Whenever, Wherever",http://open.spotify.com/track/2lnzGkdtDj5mtlcOW2yRtG,0.022871521
1987,BON JOVI,BON JOVI,Livin' On A Prayer,http://open.spotify.com/track/37ZJ0p5Jm13JPevGcx4SkF,0.040198872
2007,AVENGED SEVENFOLD,AVENGED SEVENFOLD,Dear God,https://open.spotify.com/track/2FML7gk7ac6quGFIjvkDb3?si=f7faf1576cb048db,0.442913287
1986,LIONEL RICHIE,LIONEL RICHIE,Dancing On The Ceiling,http://open.spotify.com/track/0snPJPxkk0MbTc0xeUvAPt,0.221813463
2021,LIL NAS X,LIL NAS X,That's What I Want,http://open.spotify.com/track/0e8nrvls4Qqv5Rfa2UhqmO,0.826731935
1979,KISS,KISS,I Was Made For Loving You,http://open.spotify.com/track/1SPtcSGfWDRs9px7uUAvYC,0.976746989
2023,LOREEN,LOREEN,Tattoo,http://open.spotify.com/track/1DmW5Ep6ywYwxc2HMT5BG6,0.000732484
2001,DESTINY'S CHILD,DESTINY'S CHILD,Survivor,http://open.spotify.com/track/2Mpj1Ul5OFPyyP4wB62Rvi,0.713714091
2006,RED HOT CHILI PEPPERS,RED HOT CHILI PEPPERS,Dani California,http://open.spotify.com/track/6vODhpvfWwdsO0i9MBWnEq,0.630909564
2012,TAYLOR SWIFT,TAYLOR SWIFT,I Knew You Were Trouble,https://open.spotify.com/track/6AtZLIzUINvExIUy4QhdjP,0.681348448
2011,BIRDY,BIRDY,Skinny Love,http://open.spotify.com/track/4RL77hMWUq35NYnPLXBpih,0.21730431
2023,ANNE-MARIE & SHANIA TWAIN,ANNE-MARIE,Unhealthy,http://open.spotify.com/track/2doTn2LWTKN1Z0lZJG2WQw,0.489520485
2002,VANESSA CARLTON,VANESSA CARLTON,A Thousand Miles,http://open.spotify.com/track/4w1lzcaoZ1IC2K5TwjalRP,0.599851214
1984,QUEEN,QUEEN,Radio Ga Ga,http://open.spotify.com/track/1HmzAZUvhQLhLo2z3ocpZI,0.537907292
1985,TEARS FOR TEARS,TEARS FOR TEARS,Everybody Wants To Rule The World,https://open.spotify.com/track/4RvWPyQ5RL0ao9LPZeSouE?si=fe01d3983aee4ded,0.508552268
2003,BEYONCE & JAY-Z,BEYONCÉ,Crazy In Love,http://open.spotify.com/track/5IVuqXILoxVWvWEPm82Jxr,0.442370987
2003,TIESTO,TIËSTO,Traffic,https://open.spotify.com/track/6pqFWRuybCtxerWC7B4RgF,0.680970689
2015,LOST FREQUENCIES & JANIECK,LOST FREQUENCIES,Reality,http://open.spotify.com/track/6rHROoXjEfuxYVw1nd7plQ,0.798319355
2024,JOOST,JOOST,Europapa,http://open.spotify.com/track/0uHrMbMv3c78398pIANDqR,0.507551883
2011,BRUNO MARS,BRUNO MARS,Marry You,http://open.spotify.com/track/22PMfvdz35fFKYnJyMn077,0.469706313
2002,THE WHITE STRIPES,THE WHITE STRIPES,Seven Nation Army,http://open.spotify.com/track/3dPQuX8Gs42Y7b454ybpMR,0.356480382
2007,MEGA MINDY,MEGA MINDY,Ik ben Mega Mindy,https://open.spotify.com/track/5M8jyKEdA2Uox93VcgOvjV?si=ec5fcce98c4d415d,0.550464289
1979,ABBA,ABBA,Gimme! Gimme! Gimme! (A Man After Midnight),http://open.spotify.com/track/3vkQ5DAB1qQMYO4Mr9zJN6,0.709392368
1989,GORKI,GORKI,Mia,http://open.spotify.com/track/1AvAl5fj5mhoLHVo0to1xr,0.709620672
1983,MICHAEL SEMBELLO,MICHAEL SEMBELLO,Maniac,http://open.spotify.com/track/0QKfiqpEU4h9ycPSzIFwYe,0.402599683
2014,LILLY WOOD & THE PRICK,LILLY WOOD & THE PRICK,Prayer In C (Robin Schulz Remix),http://open.spotify.com/track/5fnA9mkIfScSqHIpeDyvck,0.827485255
1999,BRYAN ADAMS & MELANIE C,BRYAN ADAMS,When You're Gone,http://open.spotify.com/track/1yzTciNQQrW0YcmralY2HQ,0.250670212
1990,SINEAD O'CONNOR,SINEAD O'CONNOR,Nothing Compares 2 U,http://open.spotify.com/track/3nvuPQTw2zuFAVuLsC9IYQ,0.522066606
2024,LOST FREQUENCIES & TOM ODELL,LOST FREQUENCIES,Black Friday (Pretty Like The Sun),http://open.spotify.com/track/4MSj19TwYBLgDFj3ddEeco,0.258886931
2018,SHEPPARD,SHEPPARD,Coming Home,https://open.spotify.com/track/5k7YfP15y4qC9xBNkq56Ae?si=bff164ea8d1b4d20,0.087367128
2006,BELLE PEREZ,BELLE PEREZ,El Mundo Bailando,https://open.spotify.com/track/2ZeMMu0zwUoNOuc0SxWaer?si=cd26a5a23fa3473a,0.684765693
2023,PURPLE DISCO MACHINE & KUNGS,PURPLE DISCO MACHINE,Substitution,https://open.spotify.com/track/2F2p7b5Xq20mRyEeWYaeUF,0.242630121
1978,QUEEN,QUEEN,Don't Stop Me Now,http://open.spotify.com/track/7hQJA50XrCWABAu5v6QZ4i,0.00879597
1999,VENGABOYS,VENGABOYS,We're Going To Ibiza,https://open.spotify.com/track/6trzHhvr6xqYJkNnbWwXz2,0.048198833
2023,TAYLOR SWIFT,TAYLOR SWIFT,Cruel Summer,https://open.spotify.com/track/1BxfuPKGuaTgP7aM0Bbdwr?si=ff7c0899372d4e22,0.978521373
2023,CALVIN HARRIS & ELLIE GOULDING,CALVIN HARRIS,Miracle,https://open.spotify.com/track/5eTaQYBE1yrActixMAeLcZ,0.050386162
1998,ANOUK,ANOUK,Nobody's Wife,http://open.spotify.com/track/2WtRXmHGWV5o90u1GzmtSw,0.750023262
2020,"REGI, JAKE REESE & OT",REGI,Kom Wat Dichterbij,http://open.spotify.com/track/50yrurPW478BbrCjRHSein,0.14911195
2014,GEORGE EZRA,GEORGE EZRA,Budapest,https://open.spotify.com/track/2ixsaeFioXJmMgkkbd4uj1?si=3f13cab63da0488c,0.699508233
1974,ABBA,ABBA,Waterloo,http://open.spotify.com/track/3Dy4REq8O09IlgiwuHQ3sk,0.636618553
2006,SNOW PATROL,SNOW PATROL,Chasing Cars,http://open.spotify.com/track/11bD1JtSjlIgKgZG2134DZ,0.382853453
2003,AVRIL LAVIGNE,AVRIL LAVIGNE,Sk8er Boi,http://open.spotify.com/track/00Mb3DuaIH1kjrwOku9CGU,0.581809843
1994,MARIAH CAREY,MARIAH CAREY,All I Want For Christmas Is You,http://open.spotify.com/track/0bYg9bo50gSsH3LtXe2SQn,0.384381382
2020,DUA LIPA,DUA LIPA,Physical,http://open.spotify.com/track/3AzjcOeAmA57TIOr9zF1ZW,0.863322183
2008,LAURENT WOLF,LAURENT WOLF,No Stress,http://open.spotify.com/track/2c0hefpquCG3NEYJzzV9fn,0.332218229
1999,NEW RADICALS,NEW RADICALS,You Get What You Give,http://open.spotify.com/track/1Cwsd5xI8CajJz795oy4XF,0.055360165
1968,BEATLES,BEATLES,Hey Jude,https://open.spotify.com/track/1eT2CjXwFXNx6oY5ydvzKU,0.049954156
1985,MADONNA,MADONNA,Into The Groove,http://open.spotify.com/track/2m0M7YqCy4lXfedh18qd8N,0.949435481
2015,"RIHANNA, KANYE WEST & PAUL MCCARTNEY",RIHANNA,Fourfiveseconds,https://open.spotify.com/track/78TTtXnFQPzwqlbtbwqN0y?si=ac43ac39820b4e8b,0.362961139
2011,CHRISTINA PERRI,CHRISTINA PERRI,a thousand years,https://open.spotify.com/track/6z5Yh7kOKeLjqIsNdokIpU?si=67c86b5532b24dd6,0.68134292
2020,JAAP REESEMA & POMMELIEN THIJS,JAAP REESEMA,Nu Wij Niet Meer Praten,https://open.spotify.com/track/7BH2Y5WMiOOvEG60WOhoWE,0.276399645
1985,POINTER SISTERS,POINTER SISTERS,I'm So Excited,http://open.spotify.com/track/1ot6jEe4w4hYnsOPjd3xKQ,0.872695436
1984,BRYAN ADAMS,BRYAN ADAMS,Summer Of '69,http://open.spotify.com/track/6oWpGuwokWJ4EcWgVQPdUt,0.200943572
1998,MADONNA,MADONNA,Ray Of Light,http://open.spotify.com/track/0vVchT7htyhheP8anAnLMR,0.178111152
2017,AVICII & SANDRO CAVAZZA,AVICII,Without You,https://open.spotify.com/track/6WbADFqMvR8N5u0BvtsWQE,0.513525439
2020,SHAWN MENDES,SHAWN MENDES,Wonder,http://open.spotify.com/track/5KCbr5ndeby4y4ggthdiAb,0.180248561
1965,BEATLES,BEATLES,Yesterday,https://open.spotify.com/track/3BQHpFgAp4l80e1XslIjNI?si=b5ea7e7b366b4f3c,0.51519906
2007,THE FRAY,THE FRAY,How To Save A Life,http://open.spotify.com/track/5fVZC9GiM4e8vu99W0Xf6J,0.229450638
1991,R E M,R.E.M.,Losing My Religion,http://open.spotify.com/track/31AOj9sFz2gM0O3hMARRBx,0.933791779
1987,SCORPIONS,SCORPIONS,Still Loving You,http://open.spotify.com/track/0RdUX4WE0fO30VnlUbDVL6,0.324552888
1999,THE OFFSPRING,THE OFFSPRING,Pretty Fly (For A White Guy),http://open.spotify.com/track/3SFXsFpeGmBTtQvKiwYMDA,0.229062625
2017,AXWELL & INGROSSO,AXWELL & INGROSSO,More Than You Know,http://open.spotify.com/track/6h5PAsRni4IRlxWr6uDPTP,0.415431079
1998,TARKAN,TARKAN,Simarik,https://open.spotify.com/track/6vEL7E8TGzrxuxbrgdlkLL,0.648376201
2000,JENNIFER LOPEZ,JENNIFER LOPEZ,Let's Get Loud,http://open.spotify.com/track/42nSaPdT6g3ZIMHmKLlP2p,0.767931772
2015,ALAN WALKER,ALAN WALKER,Faded,http://open.spotify.com/track/698ItKASDavgwZ3WjaWjtz,0.003421535
2023,CASSÖ & RAYE & D-BLOCK EUROPE,CASSÖ,Prada,https://open.spotify.com/track/59NraMJsLaMCVtwXTSia8i,0.840117582
2012,ADELE,ADELE,Skyfall,https://open.spotify.com/track/3mr584ZFSkZrWja9kJAzlb,0.768777305
1995,OASIS,OASIS,Don't Look Back In Anger,http://open.spotify.com/track/12dU3vAh6AFoJkisorfoUl,0.00097333
2017,LOST FREQUENCIES & ZONDERLING,LOST FREQUENCIES,Crazy,http://open.spotify.com/track/64fwanXDvwmsQrLsDSVHMv,0.902539512
1989,CHER,CHER,If I Could Turn Back Time,http://open.spotify.com/track/6mYrhCAGWzTdF8QnKuchXM,0.868223425
1981,KOOL and THE GANG,KOOL & THE GANG,Celebration,http://open.spotify.com/track/3K7Q9PHUWPTaknlbFPThn2,0.04853412
2010,JUSTIN BIEBER,JUSTIN BIEBER,Baby,https://open.spotify.com/track/6epn3r7S14KUqlReYr77hA?si=6ee3e62d65e44260,0.842189982
2013,MARTIN GARRIX,MARTIN GARRIX,Animals,http://open.spotify.com/track/0hv6ku4431kPrjbpBBspw3,0.383034898
1987,WHITNEY HOUSTON,WHITNEY HOUSTON,I Wanna Dance With Somebody (Who Loves Me),http://open.spotify.com/track/2tUBqZG2AbRi7Q0BIrVrEj,0.272801572
1995,GUUS MEEUWIS en VAGANT,GUUS MEEUWIS,Het Is Een Nacht,http://open.spotify.com/track/1jnUXW29r0JgYRcQmC3gIp,0.588447493
2007,TIMBALAND and KERI HILSON,TIMBALAND,The Way I Are,http://open.spotify.com/track/2bLqfJjuC5syrsgDsZfGmn,0.016778901
1997,AQUA,AQUA,Barbie Girl,http://open.spotify.com/track/7kz6GbFr2MCI7PgXJOdq8c,0.274305289
2024,METEJOOR,METEJOOR,Groot,http://open.spotify.com/track/2CCJMVwQ2k6ECGbjEw5Jmi,0.476192204
1981,QUEEN and DAVID BOWIE,QUEEN,Under Pressure,http://open.spotify.com/track/11IzgLRXV7Cgek3tEgGgjw,0.056055228
2023,ALOK & THE CHAINSMOKERS,ALOK,Jungle,https://open.spotify.com/track/0OvO2X2Q3i98dc5RcgEN3x?si=76daed30b13941ae,0.429706976
1982,TOTO,TOTO,Africa,http://open.spotify.com/track/2374M0fQpWi3dLnB54qaLX,0.053505475
2018,GEORGE EZRA,GEORGE EZRA,Shotgun,http://open.spotify.com/track/4ofwffwvvnbSkrMSCKQDaC,0.711623642
1996,LOS DEL RIO,LOS DEL RIO,Macarena,https://open.spotify.com/track/3ktQWLu1mVhc4GTMrdPLEG,0.973511616
1995,URBANUS,URBANUS,Poesje Stoei,https://open.spotify.com/track/4xfMy3d55c3JzlZS8LZcJi?si=7ec5aa015e6544ee,0.353033897
2014,SAM SMITH,SAM SMITH,Stay With Me,http://open.spotify.com/track/5Nm9ERjJZ5oyfXZTECKmRt,0.821245581
2019,DUNCAN LAURENCE,DUNCAN LAURENCE,Arcade,http://open.spotify.com/track/1Xi84slp6FryDSCbzq4UCD,0.785813422
1991,ROXETTE,ROXETTE,Joyride,http://open.spotify.com/track/4wj8ppW6nJ5hYlgfeJNBn2,0.123451149
2022,TAYLOR SWIFT,TAYLOR SWIFT,Anti-Hero,https://open.spotify.com/track/0V3wPSX9ygBnCm8psDIegu,0.736517165
1999,BRITNEY SPEARS,BRITNEY SPEARS,(You Drive Me) Crazy,http://open.spotify.com/track/1DSJNBNhGZCigg9ll5VeZv,0.216429097
1989,ALICE COOPER,ALICE COOPER,Poison,http://open.spotify.com/track/5XcZRgJv3zMhTqCyESjQrF,0.015741816
2009,LADY GAGA,LADY GAGA,Bad Romance,http://open.spotify.com/track/0SiywuOBRcynK0uKGWdCnn,0.645236671
2001,LASGO,LASGO,Something,http://open.spotify.com/track/3e9L9HiHKcfYLAga28Vmcf,0.6093767
2024,DISTURBED & CYRIL ,DISTURBED,The Sound Of Silence (Cyril Remix),http://open.spotify.com/track/32aeRhnsILUPSbPiH5x62t,0.014140068
2017,SHAWN MENDES,SHAWN MENDES,There's Nothing Holdin' Me Back,http://open.spotify.com/track/7JJmb5XwzOO8jgpou264Ml,0.298594737
2016,JUSTIN TIMBERLAKE,JUSTIN TIMBERLAKE,Can't Stop The Feeling,http://open.spotify.com/track/1WkMMavIMc4JZ8cfMmxHkI,0.47624338
2014,SIA,SIA,Chandelier,http://open.spotify.com/track/2s1sdSqGcKxpPr5lCl7jAV,0.885717364
2008,LADY GAGA,LADY GAGA,Just Dance,http://open.spotify.com/track/6HkjpGIOHv4y0IBAxUbE5z,0.015173496
2013,ELLIE GOULDING,ELLIE GOULDING,Burn,http://open.spotify.com/track/6B8CAgQ38mWf7xTvFtC0BB,0.97555854
2014,GERS PARDOEL,GERS PARDOEL,Louise,https://open.spotify.com/track/1hLNUnIFq0O14OAVtJTwLO?si=d9e8b85f3ec34e77,0.557065082
2022,DAVID GUETTA & BEBE REXHA,DAVID GUETTA,I'm Good (Blue),http://open.spotify.com/track/4uUG5RXrOk84mYEfFvj3cK,0.377076694
2000,BLINK 182,BLINK 182,All The Small Things,http://open.spotify.com/track/58BOuW65NBEkj78UyCE8lA,0.038713292
2023,ED SHEERAN,ED SHEERAN,Eyes Closed,https://open.spotify.com/track/07bsRv0pcpbG4zJeLsUs1p,0.824628778
1998,VENGABOYS,VENGABOYS,We Like To Party,https://open.spotify.com/track/3UL6Lzsocv9Ucizgzid2B0,0.986160782
2021,NIELS DESTADSBADER & REGI,NIELS DESTADSBADER,De Wereld Draait Voor Jou,http://open.spotify.com/track/7waVE4NtMbxVg6sW80rxYy,0.640957934
2000,U2,U2,Beautiful Day,http://open.spotify.com/track/1VuBmEauSZywQVtqbxNqka,0.423977587
1996,2 FABIOLA,2 FABIOLA,Lift U Up,http://open.spotify.com/track/691rB7i7tUFug6w81SqhHr,0.046857499
1993,BON JOVI,BON JOVI,Bed Of Roses,http://open.spotify.com/track/1zng9uqqXoPkmU05nsAlsw,0.454178565
2008,TAYLOR SWIFT,TAYLOR SWIFT,Love Story,https://open.spotify.com/track/0wi9VaczZO8tbBwltGiwO5?si=692504b1b4b7413c,0.372546435
2016,BAZART,BAZART,Goud,http://open.spotify.com/track/7mrKDTg9hyGJYwNWPczjQT,0.822342281
1989,TINA TURNER,TINA TURNER,The Best,http://open.spotify.com/track/7gP0iSDthTnTTxD3uUDRTA,0.292976023
1985,KATE BUSH,KATE BUSH,Running Up That Hill,http://open.spotify.com/track/29d0nY7TzCoi22XBqDQkiP,0.947185257
2016,SHAWN MENDES,SHAWN MENDES,Mercy,http://open.spotify.com/track/1oHCgpheYhmhQbhCmbhpWn,0.625118848
2002,AVRIL LAVIGNE,AVRIL LAVIGNE,Complicated,http://open.spotify.com/track/5xEM5hIgJ1jjgcEBfpkt2F,0.374052124
1999,BRITNEY SPEARS,BRITNEY SPEARS,...Baby One More Time,http://open.spotify.com/track/3MjUtNVVq3C8Fn0MP3zhXa,0.397334801
2009,BEYONCÉ,BEYONCÉ,Halo,http://open.spotify.com/track/4JehYebiI9JE8sR8MisGVb,0.270991012
2000,COLDPLAY,COLDPLAY,Trouble,http://open.spotify.com/track/0R8P9KfGJCDULmlEoBagcO,0.023556559
2024,MARSHMELLO & KANE BROWN,MARSHMELLO,Miles On It,http://open.spotify.com/track/4pkb8SbRGeHAvdb87v9rpf,0.366661
1985,SIMPLE MINDS,SIMPLE MINDS,Don't You (Forget About Me),http://open.spotify.com/track/3fH4KjXFYMmljxrcGrbPj9,0.318447582
1980,ABBA,ABBA,The Winner Takes It All,http://open.spotify.com/track/1g1RLXmuXu7HpMA6gmiYve,0.679498728
2010,MARTIN SOLVEIG,MARTIN SOLVEIG,Hello,http://open.spotify.com/track/3sl4dcqSwxHVnLfqwF2jly,0.639828518
1990,MADONNA,MADONNA,Vogue,http://open.spotify.com/track/27QvYgBk0CHOVHthWnkuWt,0.645676269
1979,THE POLICE,THE POLICE,Roxanne,http://open.spotify.com/track/2NMgVh5qaPprKTEzFe3501,0.772840225
1999,CHRISTINA AGUILERA,CHRISTINA AGUILERA ,Genie In A Bottle,http://open.spotify.com/track/11mwFrKvLXCbcVGNxffGyP,0.838461643
2014,COLDPLAY & AVICII,COLDPLAY,A Sky Full Of Stars,http://open.spotify.com/track/0FDzzruyVECATHXKHFs9eJ,0.775575137
2009,LADY GAGA,LADY GAGA,Poker Face ,http://open.spotify.com/track/5R8dQOPq8haW94K7mgERlO,0.742465891
2012,CARLY RAE JEPSEN,CARLY RAE JEPSEN,Call Me Maybe,http://open.spotify.com/track/3TGRqZ0a2l1LRblBkJoaDx,0.195045158
2009,ADELE,ADELE,Make You Feel My Love,http://open.spotify.com/track/5FgPwJ7Nh2FVmIXviKl2VF,0.592277703
2019,MABEL,MABEL,Don't Call Me Up,http://open.spotify.com/track/5WHTFyqSii0lmT9R21abT8,0.219695796
2021,TIËSTO & AVA MAX,TIËSTO,The Motto,http://open.spotify.com/track/18asYwWugKjjsihZ0YvRxO,0.86289756
2017,ED SHEERAN,ED SHEERAN,Galway Girl,http://open.spotify.com/track/0afhq8XCExXpqazXczTSve,0.818213341
2023,BECKY G & OMEGA,BECKY G,Arranca,https://open.spotify.com/track/6IdcyYfBz9LG3SWIKVyNgh?si=05e375091e6a4c81,0.16986666
1993,MEAT LOAF,MEAT LOAF,I'd Do Anything For Love (But I Won't Do That),https://open.spotify.com/track/3IuSgREoO5y88HdIcE2Xee?si=67855e19b1924663,0.599450651
2007,AMY WINEHOUSE,AMY WINEHOUSE,Back To Black,http://open.spotify.com/track/30FURVTCpbKyykjSEQzGkH,0.609832362
2008,KATY PERRY,KATY PERRY,I Kissed A Girl,http://open.spotify.com/track/005lwxGU1tms6HGELIcUv9,0.753067554
2014,KATY PERRY & JUICY J,KATY PERRY,Dark Horse,http://open.spotify.com/track/5jrdCoLpJSvHHorevXBATy,0.35295372
2019,SHAWN MENDES & CAMILA CABELLO,SHAWN MENDES,Señorita,http://open.spotify.com/track/0TK2YIli7K1leLovkQiNik,0.035512021
2018,LADY GAGA & BRADLEY COOPER,LADY GAGA,Shallow,http://open.spotify.com/track/2VxeLyX666F8uXCJ0dZF8B,0.736994377
1960,PETER KOELEWIJN,PETER KOELEWIJN,Kom van dat dak af,https://open.spotify.com/track/1dsDOgqP3dVzxCxBsae00n?si=efa50379e3e14fa9,0.492528472
2009,KINGS OF LEON,KINGS OF LEON,Sex On Fire,http://open.spotify.com/track/0ntQJM78wzOLVeCUAW7Y45,0.425756373
1983,NENA,NENA ,99 Luftballons,http://open.spotify.com/track/4ZhPLoMzZwewHLLjV1J15c,0.548445985
1989,MADONNA,MADONNA,Like A Prayer,http://open.spotify.com/track/1z3ugFmUKoCzGsI6jdY4Ci,0.233372848
1979,THE POLICE,THE POLICE,Message In A Bottle,http://open.spotify.com/track/0LhILIVhWTJz6eEsbEreZG,0.942282897
2019,TONES AND I,TONES AND I,Dance Monkey,http://open.spotify.com/track/2XU0oxnq2qxCpomAAuJY8K,0.123814505
1984,MADONNA,MADONNA,Like A Virgin,http://open.spotify.com/track/1ZPlNanZsJSPK5h9YZZFbZ,0.17010679
1992,RED HOT CHILI PEPPERS,RED HOT CHILI PEPPERS,Under The Bridge,http://open.spotify.com/track/3d9DChrdc6BOeFsbrZ3Is0,0.432397843
1983,MICHAEL JACKSON,MICHAEL JACKSON,Beat It,http://open.spotify.com/track/2dzMbi6uW2EE4cgzxf8vcO,0.065918458
1991,PAUL DE LEEUW,PAUL DE LEEUW,Vlieg Met Me Mee,https://open.spotify.com/track/3D4r2i4F0fiy7iarMXMXe1,0.708141339
2003,SPRING,SPRING,Spring,http://open.spotify.com/track/5nqEVIj9bfIE3wquEjnfDY,0.981778082
1985,KATRINA and THE WAVES,KATRINA & THE WAVES,Walking On Sunshine,http://open.spotify.com/track/05wIrZSwuaVWhcv5FfqeH0,0.04711262
2022,ROSA LINN,ROSA LINN,Snap,http://open.spotify.com/track/76OGwb5RA9h4FxQPT33ekc,0.903944596
2017,AJR,AJR,Weak,http://open.spotify.com/track/5DZwnLxHjWTZaz9jOpRhxb,0.93796716
2013,ELLIE GOULDING,ELLIE GOULDING,How Long Will I Love You,http://open.spotify.com/track/0ZPfDxZn5O0L84wvPSN2iG,0.195954465
2013,JAMES ARTHUR,JAMES ARTHUR,Impossible,http://open.spotify.com/track/5yVIlYEHZxQVLyInCdldoS,0.270491223
2022,GEORGE EZRA,GEORGE EZRA,Green Green Grass,http://open.spotify.com/track/3rk4aJ0vAj3cFUIQEeASkT,0.502522762
2014,CLEAN BANDIT & JESS GLYNNE,CLEAN BANDIT,Rather Be ,http://open.spotify.com/track/3s4U7OHV7gnj42VV72eSZ6,0.315995374
2014,MARK RONSON & BRUNO MARS,MARK RONSON,Uptown Funk,http://open.spotify.com/track/32OlwWuMpZ6b0aN2RZOeMS,0.284973121
2004,MICHEL SARDOU,MICHEL SARDOU,Les lacs du Connemara,https://open.spotify.com/track/11opORqJ29JU1b3wGxVNzC?si=b6ce9b80254f4ff7,0.017999758
2014,VANCE JOY,VANCE JOY,Riptide,https://open.spotify.com/track/7yq4Qj7cqayVTp3FF9CWbm?si=69e70ee351f14103,0.274525904
1999,ROBBIE WILLIAMS,ROBBIE WILLIAMS,She's The One,http://open.spotify.com/track/4lO57zZGFcj7vSY4QhfVDq,0.168399818
2023,P!NK,P!NK,Trustfall,https://open.spotify.com/track/4FWbsd91QSvgr1dSWwW51e,0.384267248
2002,CLOUSEAU,CLOUSEAU,En Dans,http://open.spotify.com/track/0yqUysJdfdi7lPdFpsBRvh,0.116117588
2011,PITBULL and NE-YO,PITBULL,Give Me Everything,http://open.spotify.com/track/4QNpBfC0zvjKqPJcyqBy9W,0.28717291
2017,LUIS FONSI & DADDY YANKEE,LUIS FONSI,Despacito,https://open.spotify.com/track/6habFhsOp2NvshLv26DqMb?si=e9447f18a6e04d5e,0.799602571
2013,P!NK & NATE RUESS,P!NK,Just Give Me A Reason,http://open.spotify.com/track/1mKXFLRA179hdOWQBwUk9e,0.772057356
2017,ED SHEERAN,ED SHEERAN,Castle On The Hill,http://open.spotify.com/track/6PCUP3dWmTjcTtXY02oFdT,0.774917573
2010,P!NK,P!NK,Raise Your Glass,http://open.spotify.com/track/1gv4xPanImH17bKZ9rOveR,0.195511387
2004,HOOBASTANK,HOOBASTANK,The Reason,http://open.spotify.com/track/77loZpT5Y5PRP1S451P9Yz,0.082934149
2013,JUSTIN TIMBERLAKE,JUSTIN TIMBERLAKE,Mirrors,http://open.spotify.com/track/4rHZZAmHpZrA3iH5zx8frV,0.981438179
2008,KATY PERRY,KATY PERRY,Hot N Cold,http://open.spotify.com/track/1y4eb6hmAvsqlDOl3fx9kk,0.001000816
2017,HARRY STYLES,HARRY STYLES,Sign Of The Times,http://open.spotify.com/track/5ELRkzdzz0HvGpMDlfZHkV,0.968659107
1996,ALANIS MORISSETTE,ALANIS MORISSETTE,Ironic,http://open.spotify.com/track/1d6KS9GH06JAd19uiBy9IE,0.770532561
1992,RADIOS,THE RADIOS,She Goes Nana,http://open.spotify.com/track/73ckFKYD8ydiDRnazoGGDE,0.929586784
2004,ERIC PRYDZ,ERIC PRYDZ,Call On Me,http://open.spotify.com/track/1xNcBAoUw8Hz6LqK2jt4Ff,0.630239383
1953,THE CHAMPS,THE CHAMPS,Tequilla,https://open.spotify.com/track/5gJKsGij5oGt5H5RSFYXPa?si=0b1fbc7a87414f8d,0.702184058
2022,METEJOOR & HANNAH MAE,METEJOOR,Wat Wil Je Van Mij,https://open.spotify.com/track/09PxIJHtAlqOKV6aPci5B1?si=ebc8ba6686184ab6,0.781595262
1992,RADIOHEAD,RADIOHEAD,Creep,http://open.spotify.com/track/70LcF31zb1H0PyJoS1Sx1r,0.629543906
1977,FLEETWOOD MAC,FLEETWOOD MAC,Go Your Own Way,http://open.spotify.com/track/07GvNcU1WdyZJq3XxP0kZa,0.818063284
2013,MACKLEMORE & RYAN LEWIS,MACKLEMORE & RYAN LEWIS,Can't Hold Us,http://open.spotify.com/track/3bidbhpOYeV4knp8AIu8Xn,0.969145964
2017,DUA LIPA & CHRIS MARTIN,DUA LIPA,Homesick,http://open.spotify.com/track/5E5MqaS6eOsbaJibl3YeMZ,0.784968164
2014,PITBULL,PITBULL,Fireball,http://open.spotify.com/track/49eplIHvgCLY8HAgcaWrUb,0.416996279
1986,BON JOVI,BON JOVI,You Give Love A Bad Name,http://open.spotify.com/track/0rmGAIH9LNJewFw7nKzZnc,0.538164114
2010,RIHANNA,RIHANNA,Rude Boy,http://open.spotify.com/track/6WTfLaLQsrVzLwYigoGv3W,0.275135549
1984,ALPHAVILLE,ALPHAVILLE,Forever Young,http://open.spotify.com/track/4S1VYqwfkLit9mKVY3MXoo,0.3813197
2023,NOAH KAHAN,NOAH KAHAN,Stick Season,https://open.spotify.com/track/0mflMxspEfB0VbI1kyLiAv?si=4817c379e11642e5,0.586372804
1989,BANGLES,BANGLES,Eternal Flame,http://open.spotify.com/track/5MoDQWMDMaAGDEiWsJfeCi,0.249153084
2014,ED SHEERAN,ED SHEERAN,Thinking Out Loud,http://open.spotify.com/track/34gCuhDGsG4bRPIf9bb02f,0.597464274
1989,TECHNOTRONIC,TECHNOTRONIC,Pump Up The Jam,http://open.spotify.com/track/21qnJAMtzC6S5SESuqQLEK,0.255472793
2016,ALVARO SOLER,ALVARO SOLER,Sofia,http://open.spotify.com/track/6wNBeXhrU5tr5hoRgQZmPx,0.692132248
2012,PASSENGER,PASSENGER,Let Her Go,http://open.spotify.com/track/1KxwZYyzWNyZSRyErj2ojT,0.83929768
2012,ED SHEERAN,ED SHEERAN,Lego House,http://open.spotify.com/track/53Pgsvu3qSYO2aXt5J2vcL,0.877909838
2013,TOM ODELL,TOM ODELL,Another Love,http://open.spotify.com/track/7otCGmgp9h4CsR2LhwB6gt,0.316402822
1995,CLOUSEAU,CLOUSEAU,Swentibold,http://open.spotify.com/track/6OPPUUgIjsPPbs64its9Bs,0.604270595
2023,CIAN DUCROT,CIAN DUCROT,I'll Be Waiting,https://open.spotify.com/track/2nRaAETFbe39JVCFSVDkcc?si=652d04a0957d4678,0.223619068
2004,LIMP BIZKIT,LIMP BIZKIT,Behind Blue Eyes,http://open.spotify.com/track/1MTQHCpraD4S8g5PAFKzoj,0.630869277
2013,STROMAE,STROMAE,Papaoutai,http://open.spotify.com/track/1QFw2xxyQtgKjlrMCEqsNj,0.065655303
1994,ELTON JOHN,ELTON JOHN,Can You Feel The Love Tonight,http://open.spotify.com/track/67HKtdqchK0rmODxsBeWT8,0.644796541
2022,PURPLE DISCO MACHINE,PURPLE DISCO MACHINE,In The Dark,https://open.spotify.com/track/52qTK7CEx1Vso4Evkx6ZCM,0.623178117
2023,DASHA,DASHA,Austin,https://open.spotify.com/track/6b81dy3WjbozXK6b7C1gu5,0.927214661
2011,SWEDISH HOUSE MAFIA,SWEDISH HOUSE MAFIA,Save The World,http://open.spotify.com/track/65hRZOQkVjmBdusz1N7aOv,0.637188042
2000,EMINEM,EMINEM,The Real Slim Shady,http://open.spotify.com/track/3yfqSUWxFvZELEM4PmlwIR,0.293693777
2013,PHARRELL WILLIAMS,PHARRELL WILLIAMS,Happy,http://open.spotify.com/track/60nZcImufyMA1MKQY3dcCH,0.479673881
2012,BRUNO MARS,BRUNO MARS,Locked Out Of Heaven,http://open.spotify.com/track/3w3y8KPTfNeOKPiqUTakBh,0.82822048
2017,IMAGINE DRAGONS,IMAGINE DRAGONS,Whatever It Takes,http://open.spotify.com/track/6Qn5zhYkTa37e91HC1D7lb,0.797049451
2004,ANOUK,ANOUK,Girl,http://open.spotify.com/track/5zhee6Apgg8QqeJObO4k1d,0.157424253
1979,VILLAGE PEOPLE,VILLAGE PEOPLE,Y.M.C.A.,http://open.spotify.com/track/4YOJFyjqh8eAcbKFfv88mV,0.594756446
1994,ELTON JOHN,ELTON JOHN,Circle Of Life,http://open.spotify.com/track/1X3KpJAP3KRLr77EqAXDmg,0.68501135
2008,ADELE,ADELE,Chasing Pavements,http://open.spotify.com/track/71WAtDcWVYMoCsblD2uQXx,0.588710331
1990,ROXETTE,ROXETTE,Listen To Your Heart,http://open.spotify.com/track/2W4HHauPXqsxTGgCMwGwaq,0.630022364
2015,JUSTIN BIEBER,JUSTIN BIEBER,Sorry,http://open.spotify.com/track/09CtPGIpYB4BrO8qb1RGsF,0.67561112
2019,THE WEEKND,THE WEEKND,Blinding Lights,http://open.spotify.com/track/0VjIjW4GlUZAMYd2vXMi3b,0.492218105
1984,JERMAINE JACKSON & PIA ZADORA,JERMAINE JACKSON,When The Rain Begins To Fall,http://open.spotify.com/track/4BNgHaHriMcnpeR7qdkojU,0.836647417
1997,GALA,GALA,Freed From Desire,http://open.spotify.com/track/3u5N55tHf7hXATSQrjBh2q,0.555746225
2024,MR. BELT & WEZOL,MR. BELT & WEZOL,It's Not Right (But It's Ok),http://open.spotify.com/track/5OFVzqSeFxGpvDGyHvVeLj,0.66390053
2015,ARIANA GRANDE,ARIANA GRANDE,One Last Time,http://open.spotify.com/track/7xoUc6faLbCqZO6fQEYprd,0.42404035
1991,QUEEN,QUEEN,The Show Must Go On,http://open.spotify.com/track/3hU637WcAGM5ubSqeaTme5,0.305716259
1996,SPICE GIRLS,SPICE GIRLS,Wannabe,http://open.spotify.com/track/1Je1IMUlBXcx1Fz0WE7oPT,0.104161592
1999,GOO GOO DOLLS,GOO GOO DOLLS,Iris,http://open.spotify.com/track/6vrUTGn5p8IrfTZ0J6sIVM,0.257261743
2004,THE KILLERS,THE KILLERS,Mr. Brightside,https://open.spotify.com/track/003vvx7Niy0yvhvHt4a68B?si=4f2399fe44fc4605,0.399300533
2010,NATALIA and GABRIEL RIOS,NATALIA,Hallelujah,http://open.spotify.com/track/34RFWvKG8z6AiUP6zYvSRX,0.385963289
1998,JANET JACKSON,JANET JACKSON,Together Again,http://open.spotify.com/track/1GrikfH0jDejDvrxo84n4P,0.949493859
2013,IMAGINE DRAGONS,IMAGINE DRAGONS,Radioactive,http://open.spotify.com/track/4G8gkOterJn0Ywt6uhqbhp,0.819055442
2005,BELLE PEREZ,BELLE PEREZ,Enamorada,https://open.spotify.com/track/2FldQhZaAuJs4csUpcskia?si=7f56bdf8d7c84870,0.966443298
1979,GLORIA GAYNOR,GLORIA GAYNOR,I Will Survive,http://open.spotify.com/track/7cv28LXcjAC3GsXbUvXKbX,0.025102666
1982,KREUNERS,KREUNERS,Layla,http://open.spotify.com/track/4Mp0Vw7hNEu8EdIeiBBzy0,0.263160374
1978,RAM JAM,RAM JAM,Black Betty,https://open.spotify.com/track/2ZOTtG7v1OrSNs6EINIGb4,0.427742071
1996,CELINE DION,CELINE DION,All By Myself,http://open.spotify.com/track/0gsl92EMIScPGV1AU35nuD,0.498725792
1992,GUNS 'N' ROSES,GUNS N' ROSES,November Rain,http://open.spotify.com/track/614dpc6m0q6YGFmGchFGx1,0.719322436
1980,URBANUS,URBANUS,Madammen Met Een Bontjas,https://open.spotify.com/track/1YTVrWOdUHG5IMfKqNDbX7?si=3301abbf66e840c7,0.45831782
2024,TEDDY SWIMS,TEDDY SWIMS,Bad Dreams,https://open.spotify.com/track/3BntzKsnLf2pc0dsvE3Zav,0.479707081
2008,THE SCRIPT,THE SCRIPT,The Man Who Can't Be Moved,http://open.spotify.com/track/3nqqDo8CcCLke3ZoTgiOKf,0.701399005
2024,ADAM PORT & STRYV,ADAM PORT & STRYV,Move,http://open.spotify.com/track/1BJJbSX6muJVF2AK7uH1x4,0.653597649
2013,ONE DIRECTION,ONE DIRECTION,One Way Or Another (Teenage Kicks),http://open.spotify.com/track/48vlTTvosBO3rErgxYKxxR,0.363056416
2011,JENNIFER LOPEZ and PITBULL,JENNIFER LOPEZ,On The Floor,http://open.spotify.com/track/0Oe49j06Bjrxs8PltuVeaW,0.285407872
1989,GUNS N' ROSES,GUNS N' ROSES,Patience,http://open.spotify.com/track/1OEoNpiyqBghuEUaT6Je6U,0.45919146
1994,METALLICA,METALLICA ,One,http://open.spotify.com/track/0LAcM6I7ijW4VVW0aytl1t,0.669382333
2012,NICKI MINAJ,NICKI MINAJ,Starships,http://open.spotify.com/track/1oHNvJVbFkexQc0BpQp7Y4,0.242608822
2019,BILLIE EILISH,BILLIE EILISH,Bad Guy,http://open.spotify.com/track/2Fxmhks0bxGSBdJ92vM42m,0.714230341
2024,HUGEL & TOPIC,HUGEL,I Adore You,http://open.spotify.com/track/5nPbKG04fhLkIAjcPFaZq7,0.533464298
2022,METEJOOR,METEJOOR,Dit Is Wat Mijn Mama Zei,http://open.spotify.com/track/5QJoojtfYodIvWSfpeCcHh,0.687633664
1996,DEEP BLUE SOMETHING,DEEP BLUE SOMETHING,Breakfast At Tiffany's,http://open.spotify.com/track/1uzWOoJdADfstQuFtQFTUn,0.440108635
2021,MIMI WEBB,MIMI WEBB,Good Without,http://open.spotify.com/track/15OCqNPYoLziEAsbVnqRj5,0.052892024
1998,MADONNA,MADONNA,Frozen,http://open.spotify.com/track/2II03llydk4YnkBBvoYB3B,0.024444331
2019,LEWIS CAPALDI,LEWIS CAPALDI,Before You Go,http://open.spotify.com/track/2gMXnyrvIjhVBUZwvLZDMP,0.112884721
2010,B.O.B & HAYLEY WILLIAMS,B.O.B,Airplanes,https://open.spotify.com/track/6lV2MSQmRIkycDScNtrBXO?si=25dd40716eb54e39,0.011711564
2004,LINKIN PARK and JAY-Z,LINKIN PARK,Numb/Encore,http://open.spotify.com/track/5sNESr6pQfIhL3krM8CtZn,0.032683283
2006,SHAKIRA and WYCLEF JEAN,SHAKIRA,Hips Don't Lie,http://open.spotify.com/track/3ZFTkvIE7kyPt6Nu3PEa7V,0.255213774
2001,LIVE,LIVE,Overcome,http://open.spotify.com/track/6ebPgIJleWGjHK207y5bse,0.70852116
1975,ABBA,ABBA,Mamma Mia,http://open.spotify.com/track/6UIwfaQh9RP2anZ5OMQPfX,0.839208799
2015,ED SHEERAN,ED SHEERAN,Photograph,http://open.spotify.com/track/1HNkqx9Ahdgi1Ixy2xkKkL,0.715346257
1985,WHAM!,WHAM!,I'm Your Man,http://open.spotify.com/track/0g5LlNF7C2uhPsT5Fg1rTU,0.56195122
2003,JUSTIN TIMBERLAKE,JUSTIN TIMBERLAKE,Rock Your Body,http://open.spotify.com/track/1AWQoqb9bSvzTjaLralEkT,0.270632046
1999,FOO FIGHTERS,FOO FIGHTERS,Learn To Fly,http://open.spotify.com/track/5OQsiBsky2k2kDKy2bX2eT,0.586441114
2022,ALVARO SOLER & TOPIC,ALVARO SOLER,Solo Para Ti,https://open.spotify.com/track/2uAgZ0PelSImQe3BME9CiT,0.734151476
2002,SHAGGY,SHAGGY,Hey Sexy Lady,http://open.spotify.com/track/4u8IPU322yG7mNrqv89GGL,0.278416244
1984,WHAM,WHAM!,Wake Me Up Before You Go-Go,http://open.spotify.com/track/0ikz6tENMONtK6qGkOrU3c,0.893337873
2011,JESSIE J and B.O.B.,JESSIE J,Price Tag,http://open.spotify.com/track/5mvKuE9Lf9ARVXVXA32kK9,0.260994784
2022,BERRE,BERRE,Better Off Alone,http://open.spotify.com/track/2jwsv7yOKwI4nd0UmrAnVq,0.287116261
2014,SHEPPARD,SHEPPARD,Geronimo,http://open.spotify.com/track/19cL3SOKpwnwoKkII7U3Wh,0.670642256
2004,NATALIA,NATALIA,I Want You Back,http://open.spotify.com/track/4pYWvvlp3RZQxKZX8DwUsW,0.672312632
2012,AVA MAX,AVA MAX,Sweet But Psycho,http://open.spotify.com/track/7DnAm9FOTWE3cUvso43HhI,0.816164063
2024,OSCAR AND THE WOLF,OSCAR AND THE WOLF,Angel Face,https://open.spotify.com/track/005k50cKNdWjOitdP6Y6jz,0.897729366
1992,METALLICA ,METALLICA ,Nothing Else Matters,http://open.spotify.com/track/3ZFwuJwUpIl0GeXsvF1ELf,0.371339364
1977,EAGLES,EAGLES,Hotel California,https://open.spotify.com/track/40riOy7x9W7GXjyGp4pjAv,0.374358077
2019,SIA,SIA,Unstoppable,http://open.spotify.com/track/1yvMUkIOTeUNtNWlWRgANS,0.899250489
2007,LINKIN PARK,LINKIN PARK,What I've Done,http://open.spotify.com/track/18lR4BzEs7e3qzc0KVkTpU,0.347627314
2023,TATE MCRAE,TATE MCRAE,Greedy,https://open.spotify.com/track/3rUGC1vUpkDG9CZFHMur1t,0.133058533
1976,ELTON JOHN and KIKI DEE,ELTON JOHN,Don't Go Breaking My Heart,http://open.spotify.com/track/7HW5WIw7ZgZORCzUxv5gW5,0.41431
2002,EMINEM,EMINEM,Without Me,http://open.spotify.com/track/7lQ8MOhq6IN2w8EYcFNSUk,0.748913155
2014,TAYLOR SWIFT,TAYLOR SWIFT,Shake It Off,https://open.spotify.com/track/3pv7Q5v2dpdefwdWIvE7yH,0.961698676
2012,TAYLOR SWIFT,TAYLOR SWIFT,We Are Never Ever Getting Back Together,https://open.spotify.com/track/5YqltLsjdqFtvqE7Nrysvs,0.259545916
2011,COLDPLAY,COLDPLAY,Paradise,http://open.spotify.com/track/6nek1Nin9q48AVZcWs9e9D,0.2113114
1978,ABBA,ABBA,Take A Chance On Me,http://open.spotify.com/track/5BckPAYcKEJuYs1eV1BHHe,0.703922462
2021,GOLDBAND,GOLDBAND,Noodgeval,http://open.spotify.com/track/2LcmbuYX7tyR4DWy3b273L,0.750452651
2004,3 DOORS DOWN,3 DOORS DOWN,Here Without You,http://open.spotify.com/track/3NLrRZoMF0Lx6zTlYqeIo4,0.453905482
1985,BRYAN ADAMS,BRYAN ADAMS,Somebody,http://open.spotify.com/track/3KTxIOIZIE7UM6vwCX4Ofv,0.551645548
2018,CLEAN BANDIT & DEMI LOVATO,CLEAN BANDIT,Solo,http://open.spotify.com/track/6kPJZM97LwdG9QIsT7khp6,0.126398751
1995,2 UNLIMITED,2 UNLIMITED,Jump For Joy,http://open.spotify.com/track/1nE2xFHZ6BFSfQwBcFAepE,0.236655096
2011,ONE DIRECTION,ONE DIRECTION,What Makes You Beautiful,http://open.spotify.com/track/4cluDES4hQEUhmXj6TXkSo,0.90123835
2007,MIKA,MIKA,"Relax, Take It Easy",http://open.spotify.com/track/5msFXipAG1CsK92OakSAbS,0.114714457
2011,LADY GAGA,LADY GAGA,Born This Way,http://open.spotify.com/track/6r2BECwMgEoRb5yLfp0Hca,0.275087851
1991,JOHN TRAVOLTA and OLIVIA NEWTON-JOHN,JOHN TRAVOLTA,The Grease Megamix,https://open.spotify.com/track/7frXWJk53XCcJuAQuvQwDB,0.037583379
1996,EDDY WALLY,EDDY WALLY,Ik Spring Uit Een Vliegmachien,https://open.spotify.com/track/4I4fKk3Hvgr7T2aQHvICh3?si=59dcc2e176aa44e5,0.272821978
1979,AC/DC,AC/DC,Highway To Hell,https://open.spotify.com/track/2zYzyRzz6pRmhPzyfMEC8s,0.229037163
2004,EVANESCENCE,EVANESCENCE,My Immortal,http://open.spotify.com/track/4UzVcXufOhGUwF56HT7b8M,0.892791378
2024,ZERB & SOFIYA NZAU,ZERB & SOFIYA NZAU,Mwaki,https://open.spotify.com/track/3bYSuNFC8UqtpTRKBcDtZf,0.411309707
1977,ABBA,ABBA,"Knowing Me, Knowing You",http://open.spotify.com/track/46ou4l4zvrZMada0TgoVH9,0.338479463
1984,WHAM!,WHAM!,Freedom,http://open.spotify.com/track/3nPbOfOYn0Ks0KkYyPgrvb,0.499093908
2011,ADELE,ADELE,Someone Like You,http://open.spotify.com/track/1zwMYTA5nlNjZxYrvBB2pV,0.436637579
2021,ED SHEERAN & ELTON JOHN,ED SHEERAN,Merry Christmas,http://open.spotify.com/track/3bH2Eu9A9ymI4UnGHRmoXg,0.439912001
1989,MELISSA ETHERIDGE,MELISSA ETHERIDGE,Like The Way I Do,http://open.spotify.com/track/3Fe3L3N5pGaa0BBT4eVypZ,0.956032405
1976,ABBA,ABBA,"Money, Money, Money",http://open.spotify.com/track/29FNeqjOV2kPWGS55qhtGB,0.545304376
2015,WIZ KHALIFA & CHARLIE PUTH,WIZ KHALIFA,See You Again,http://open.spotify.com/track/2JzZzZUQj3Qff7wapcbKjc,0.976552283
2002,NICKELBACK,NICKELBACK,How You Remind Me,http://open.spotify.com/track/0gmbgwZ8iqyMPmXefof8Yf,0.852319057
1997,SPICE GIRLS,SPICE GIRLS,Spice Up Your Life,http://open.spotify.com/track/5qGwqO0lkbBXw4xNfzT7SF,0.293643884
2008,MILOW,MILOW,Ayo Technology,http://open.spotify.com/track/3FZl7oNIPiYVfE59uVmPDU,0.989697204
2014,LOST FREQUENCIES,LOST FREQUENCIES,Are You With Me,https://open.spotify.com/track/39QlSLkqq5shnpAXchT9sI,0.682033008
2006,RASCAL FLATTS,RASCAL FLATTS,Life is a Highway,https://open.spotify.com/track/2Fs18NaCDuluPG1DHGw1XG?si=128dda6196e64e14,0.223093226
1993,4 NON BLONDES,4 NON BLONDES,What's Up?,http://open.spotify.com/track/0jWgAnTrNZmOGmqgvHhZEm,0.108944192
2017,P!NK,P!NK,What About Us,http://open.spotify.com/track/0Qh38w01QRXK6KHIv0e3hb,0.515670865
2003,X!NK,X!NK,De Vriendschapsband,http://open.spotify.com/track/7xRHm4nXhFBNGL6nXg2Rb6,0.343197593
1993,LENNY KRAVITZ,LENNY KRAVITZ,Are You Gonna Go My Way,http://open.spotify.com/track/45Ia1U4KtIjAPPU7Wv1Sea,0.210413198
1986,QUEEN,QUEEN,A Kind Of Magic,http://open.spotify.com/track/1LFK84nUerBbYfFd1LmnTm,0.468462188
1996,CELINE DION,CELINE DION,It's All Coming Back To Me Now,http://open.spotify.com/track/5EQzuYfTZt7B2LqlvTF49l,0.617422815
2010,BRUNO MARS,BRUNO MARS,Just The Way You Are,http://open.spotify.com/track/7BqBn9nzAq8spo5e7cZ0dJ,0.438188657
2021,ED SHEERAN,ED SHEERAN,Shivers,http://open.spotify.com/track/75MNhvTCCKsST3YqqUiU9r,0.785787333
2011,FLO RIDA,FLO RIDA,Good Feeling,http://open.spotify.com/track/3NcO4jGK1Opb5ea0mYLpxb,0.16297817
1990,AC/DC,AC/DC,Thunderstruck,http://open.spotify.com/track/57bgtoPSgt236HzfBOd8kj,0.924302137
2018,5 SECONDS OF SUMMER,5 SECONDS OF SUMMER,Youngblood,https://open.spotify.com/track/55S2PQgSMYAhgoTCcGCDfw,0.02791009
2005,NATASHA BEDINGFIELD,NATASHA BEDINGFIELD,Unwritten,http://open.spotify.com/track/3U5JVgI2x4rDyHGObzJfNf,0.195391201
1966,THE ROLLING STONES,THE ROLLING STONES,"Paint It, Black",http://open.spotify.com/track/63T7DJ1AFDD6Bn8VzG6JE8,0.525191674
2022,BERRE,BERRE,Say My Name,http://open.spotify.com/track/5VOBsfdn1wlCwuuw7pKgU3,0.41845889
2011,AVICII,AVICII,Levels,http://open.spotify.com/track/5UqCQaDshqbIk3pkhy4Pjg,0.849039972
2016,HALSEY & THE CHAINSMOKERS,HALSEY,Closer,http://open.spotify.com/track/7BKLCZ1jbUBVqRi2FVlTVw,0.812212929
1971,ELTON JOHN,ELTON JOHN,Your Song,http://open.spotify.com/track/17VegeBoHvMlIByrdu64KR,0.962044734
1979,ABBA,ABBA,Does Your Mother Know ?,http://open.spotify.com/track/2HPB3px8MJZRMfu1L65Z41,0.059168249
2020,AVA MAX,AVA MAX,Kings & Queens,http://open.spotify.com/track/7a53HqqArd4b9NF4XAmlbI,0.084397653
2011,ADELE,ADELE,Set Fire To The Rain,http://open.spotify.com/track/73CMRj62VK8nUS4ezD2wvi,0.312773777
1987,RICK ASTLEY,RICK ASTLEY,Never Gonna Give You Up,http://open.spotify.com/track/4cOdK2wGLETKBW3PvgPWqT,0.029455858
2015,STAN VAN SAMANG,STAN VAN SAMANG,Een Ster,http://open.spotify.com/track/23lfdALTPtgNbJrzhRnfks,0.185419143
2000,NOVASTAR,NOVASTAR,The Best Is Yet To Come,http://open.spotify.com/track/2YSy87pZp2pWFdNK9kEY9u,0.60812235
1984,LIONEL RICHIE,LIONEL RICHIE,Hello,http://open.spotify.com/track/0mHyWYXmmCB9iQyK18m3FQ,0.543851313
1982,TOTO,TOTO,Rosanna,http://open.spotify.com/track/0yKvrZcQUqNrlTmdsnpmOl,0.512925588
1986,SIMPLE MINDS,SIMPLE MINDS,Sanctify Yourself,http://open.spotify.com/track/5YIh3K9eF6ymtagIIpprOU,0.557793873
1981,DOLLY PARTON,DOLLY PARTON,9 To 5,http://open.spotify.com/track/4w3tQBXhn5345eUXDGBWZG,0.161480467
2020,THE WEEKND,THE WEEKND,Save Your Tears,http://open.spotify.com/track/5QO79kh1waicV47BqGRL3g,0.314150375
2016,RAG'N'BONE MAN,RAG'N'BONE MAN,Human,http://open.spotify.com/track/58zsLZPvfflaiIbNWoA22O,0.219047792
2010,SHAKIRA,SHAKIRA,Waka Waka (This Time For Africa),http://open.spotify.com/track/2Cd9iWfcOpGDHLz6tVA3G4,0.705713735
2021,K3,K3,Waterval,http://open.spotify.com/track/6Y3VGa2XlHkuJnSRCuyCIr,0.736248577
2005,MILK INC,MILK INC.,Go To Hell,http://open.spotify.com/track/2efiqxJiRPYBc7RiErWLd5,0.072415307
1987,MICHAEL JACKSON,MICHAEL JACKSON,Bad,http://open.spotify.com/track/5lWFrW5T3JtxVCLDb7etPu,0.75945094
2002,SUM 41,SUM 41,In Too Deep,http://open.spotify.com/track/68pN2UQYhwQgPy7VrCFKuV,0.619853359
1996,MARCO BORSATO,MARCO BORSATO,Ik Leef Niet Meer Voor Jou,http://open.spotify.com/track/45I37gu7jG5JsXyqYm4YDT,0.194142996
2010,EMINEM and RIHANNA,EMINEM,Love The Way You Lie,http://open.spotify.com/track/15JINEqzVMv3SvJTAXAKED,0.148066518
2002,EMINEM,EMINEM,Lose Yourself,http://open.spotify.com/track/5Z01UMMf7V1o0MzF86s6WJ,0.827835939
2011,BRUNO MARS,BRUNO MARS,Grenade,http://open.spotify.com/track/2tJulUYLDKOg9XrtVkMgcJ,0.63454775
2022,HARRY STYLES,HARRY STYLES,As It Was,http://open.spotify.com/track/4LRPiXqCikLlN15c3yImP7,0.822202868
2018,IMAGINE DRAGONS,IMAGINE DRAGONS,Bad Liar,http://open.spotify.com/track/2RSHsoi04658QL5xgQVov3,0.071640124
1996,K's CHOICE,K'S CHOICE,Not An Addict,http://open.spotify.com/track/38TozZBUSqO5HA4ya6OxZr,0.318960715
2023,BILLIE EILISH,BILLIE EILISH,What Was I Made For?,https://open.spotify.com/track/6wf7Yu7cxBSPrRlWeSeK0Q?si=ab349a03879342e5,0.058874799
2005,GREEN DAY,GREEN DAY,Boulevard Of Broken Dreams,http://open.spotify.com/track/5GorCbAP4aL0EJ16frG2hd,0.661727977
1987,GEORGE MICHAEL and ARETHA FRANKLIN,GEORGE MICHAEL,I Knew You Were Waiting (For Me),http://open.spotify.com/track/2XgDgIsVUOt9Lov5G4Wruy,0.945257349
1972,ELTON JOHN,ELTON JOHN,Rocket Man,https://open.spotify.com/track/3gdewACMIVMEWVbyb8O9sY?si=99a0c6a84f6f4653,0.797834565
1998,ROBBIE WILLIAMS,ROBBIE WILLIAMS,Angels,http://open.spotify.com/track/7CKbqqrs0AS1si1ZgaQdcj,0.710670428
2004,USHER,USHER,Yeah,http://open.spotify.com/track/5rb9QrpfcKFHM1EUbSIurX,0.238866568
2018,SHAWN MENDES,SHAWN MENDES,In My Blood,http://open.spotify.com/track/2QZ7WLBE8h2y1Y5Fb8RYbH,0.131204132
2010,KATY PERRY,KATY PERRY,Last Friday Night,http://open.spotify.com/track/455AfCsOhhLPRc68sE01D8,0.871424397
1997,2 FABIOLA,2 FABIOLA,Freak Out,http://open.spotify.com/track/0B1YYE4SCHSka2VpsYd6qk,0.946977713
2009,JAY Z and ALICIA KEYS,JAY Z ,Empire State Of Mind,https://open.spotify.com/track/7pYVIpuFrH2cDMseplG8Jn,0.868161037
2018,SUZAN & FREEK,SUZAN & FREEK,Als Het Avond Is,http://open.spotify.com/track/3ciQQMSy1lKDqJbwU9l1LT,0.08533192
2021,METEJOOR & BABET,METEJOOR,1 Op Een Miljoen,http://open.spotify.com/track/1Ox6RIOerYvgRH9AxIl4DO,0.608926748
1994,THE OFFSPRING,THE OFFSPRING,Self Esteem,http://open.spotify.com/track/6EsBn1Md8C5YdbCzvwvZq8,0.329280041
2000,DESTINY'S CHILD,DESTINY'S CHILD,Say My Name,http://open.spotify.com/track/6WAhLCL1XchQzYjl15rnFp,0.726009944
2010,LADY GAGA and BEYONCE,LADY GAGA,Telephone,http://open.spotify.com/track/7rl7ao5pb9BhvAzPdWStxi,0.021720383
2011,GERS PARDOEL,GERS PARDOEL,Ik Neem Je Mee,https://open.spotify.com/track/4ZwnlmWd39W8PiFnw25Nfl?si=e394398e353147f3,0.594793546
2008,P!NK,P!NK,So What,http://open.spotify.com/track/0JiY190vktuhSGN6aqJdrt,0.608919145
2023,MILEY CYRUS,MILEY CYRUS,Flowers,https://open.spotify.com/track/0yLdNVWF3Srea0uzk55zFn,0.507291067
2005,CASCADA,CASCADA,Everytime We Touch,http://open.spotify.com/track/5YJtMNWKe55yr49cyJgxva,0.103286015
2013,ICONA POP & CHARLI XCX,ICONA POP,I Love It,http://open.spotify.com/track/6HZ9VeI5IRFCNQLXhpF4bq,0.959621083
1983,PRINCE,PRINCE,1999,http://open.spotify.com/track/2H7PHVdQ3mXqEHXcvclTB0,0.388636188
2013,ONE DIRECTION,ONE DIRECTION,Story Of My Life,http://open.spotify.com/track/4nVBt6MZDDP6tRVdQTgxJg,0.866404936
2010,HOOVERPHONIC,HOOVERPHONIC,The Night Before,http://open.spotify.com/track/76nN96g5bD3ER34S7eMoGb,0.790979252
2018,DEAN LEWIS,DEAN LEWIS,Be Alright,https://open.spotify.com/track/3EPXxR3ImUwfayaurPi3cm,0.572565108
1983,MICHAEL SEMBELLO,MICHAEL SEMBELLO,Maniac,http://open.spotify.com/track/0QKfiqpEU4h9ycPSzIFwYe,0.630488828
2017,IMAGINE DRAGONS,IMAGINE DRAGONS,Thunder,http://open.spotify.com/track/1zB4vmk8tFRmM9UULNzbLB,0.829923979
2000,BON JOVI,BON JOVI,It's My Life,http://open.spotify.com/track/4TmGtGkkmaoXRCvpOwDJoO,0.292799604
2007,PLAIN WHITE T's,PLAIN WHITE T'S,Hey There Delilah,http://open.spotify.com/track/4RCWB3V8V0dignt99LZ8vH,0.787315764
1989,ROXETTE,ROXETTE,The Look,http://open.spotify.com/track/79LdvxXi5JYUjhnO7v9Fi3,0.690796363
2015,ADELE,ADELE,When We Were Young,https://open.spotify.com/track/0cj2joJcY6b4XSRfj2eZOl,0.608218657
1997,SHANIA TWAIN,SHANIA TWAIN,You're Still The One,http://open.spotify.com/track/1wb4P4F0sxAQ2KXrRvsx6n,0.243059918
2010,KATY PERRY,KATY PERRY,Firework,http://open.spotify.com/track/4r6eNCsrZnQWJzzvFh4nlg,0.368935195
2007,MILOW,MILOW,You Don't Know,http://open.spotify.com/track/6dMQuOXNGWXlSXesJvfUgd,0.156813303
2013,AVICII,AVICII,Hey Brother,http://open.spotify.com/track/4lhqb6JvbHId48OUJGwymk,0.512780018
1985,A HA,A-HA,Take On Me,http://open.spotify.com/track/2WfaOiMkCvy7F5fcp2zZ8L,0.33730396
1985,WHAM!,WHAM!,Last Christmas,http://open.spotify.com/track/2FRnf9qhLbvw8fu4IBXx78,0.515682226
2002,T.A.T.U,T.A.T.U,All The Things She Said,https://open.spotify.com/track/4bJygwUKrRgq1stlNXcgMg?si=32340ed7f04546c1,0.867151399
1984,MADONNA,MADONNA,Holiday,http://open.spotify.com/track/3ibAzRj9JnowdoLkyllk3n,0.710926588
1993,HADDAWAY,HADDAWAY,What Is Love,http://open.spotify.com/track/2IHaGyfxNoFPLJnaEg4GTs,0.783918691
2019,P!NK & CASH CASH,P!NK,Can We Pretend,http://open.spotify.com/track/3O0e0LHTpza0rYVDbZfQ4r,0.887469229
1992,WHITNEY HOUSTON,WHITNEY HOUSTON,I Will Always Love You,http://open.spotify.com/track/4eHbdreAnSOrDDsFfc4Fpm,0.021593615
2015,JUSTIN BIEBER,JUSTIN BIEBER,What Do You Mean?,http://open.spotify.com/track/4B0JvthVoAAuygILe3n4Bs,0.171824684
1983,BILLY JOEL,BILLY JOEL,Uptown Girl,https://open.spotify.com/track/5zA8vzDGqPl2AzZkEYQGKh?si=943ed78df9e84d68,0.84978994
2022,DEAN LEWIS,DEAN LEWIS,How Do I Say Goodbye,http://open.spotify.com/track/5hnGrTBaEsdukpDF6aZg8a,0.762905499
2017,BLANCHE,BLANCHE,City Lights,http://open.spotify.com/track/5v3oL4EOGmzFjo7S3O7IFH,0.830757776
2013,A GREAT BIG WORLD & CHRISTINA AGUILERA ,A GREAT BIG WORLD,Say Something,http://open.spotify.com/track/6Vc5wAMmXdKIAM7WUoEb7N,0.623489106
1985,BRUCE SPRINGSTEEN,BRUCE SPRINGSTEEN,Born In The U.S.A.,http://open.spotify.com/track/62OgUIojIOjvMDd1ZmdNcV,0.234349478
2019,LAUREN DAIGLE,LAUREN DAIGLE,You Say,http://open.spotify.com/track/6Up545NUflOiXo8cEraH49,0.840995687
2003,AVRIL LAVIGNE,AVRIL LAVIGNE,I'm With You,http://open.spotify.com/track/1jlG3KJ3gdYmhfuySFfpO1,0.507188217
1984,TINA TURNER,TINA TURNER,What's Love Got To Do With It,http://open.spotify.com/track/4kOfxxnW1ukZdsNbCKY9br,0.434691319
1999,MILK INC,MILK INC.,In My Eyes,http://open.spotify.com/track/0SLo2NMdtIYULZE790B3Iy,0.905864767
2021,"KRIS KROSS AMSTERDAM, ANTOON & SIGOURNEY K",KRIS KROSS AMSTERDAM,Vluchtstrook,https://open.spotify.com/track/63JrADDfrcjOaI6lyVkN3c,0.802837568
2018,LADY GAGA,LADY GAGA,Always Remember Us This Way,http://open.spotify.com/track/2rbDhOo9Fh61Bbu23T2qCk,0.779521568
1989,BILLY JOEL,BILLY JOEL,We Didn't Start The Fire,http://open.spotify.com/track/38bDGWuyYdSdNfrFfbCiVS,0.421503128
2021,OFENBACH & ELLA HENDERSON,OFENBACH,Hurricane,http://open.spotify.com/track/0iVkWge9ytV4Scgy2hQ2za,0.652016488
2014,CALVIN HARRIS & ELLIE GOULDING,CALVIN HARRIS,Outside,http://open.spotify.com/track/70CuZJtPDdCD3cphDDhjJq,0.805918923
1998,VENGABOYS,VENGABOYS,Boom Boom Boom Boom,http://open.spotify.com/track/2Ld2LehpgQNREMxl9LlIzm,0.140468587
2009,MILEY CYRUS,MILEY CYRUS,The Climb,https://open.spotify.com/track/5x5JM1BSB6vollcIzDocqT?si=b48701a0cbec4d6a,0.767309
1974,LED ZEPPELIN,LED ZEPPELIN,Stairway To Heaven,https://open.spotify.com/track/5CQ30WqJwcep0pYcV4AMNc?si=f53a686af15e4b3e,0.777076949
2009,BLACK EYED PEAS,BLACK EYED PEAS,I Gotta Feeling,http://open.spotify.com/track/2H1047e0oMSj10dgp7p2VG,0.125280632
2022,POMMELIEN THIJS,POMMELIEN THIJS,Ongewoon,http://open.spotify.com/track/7AVHDeAjfn0zfMnYRhp0oI,0.850033457
1991,GORKI,GORKI,Anja,http://open.spotify.com/track/5CYcMqzaGqY0dIw292OOES,0.673393308
2000,COLDPLAY,COLDPLAY,Yellow,http://open.spotify.com/track/3AJwUDP919kvQ9QcozQPxg,0.898060466
2003,EVANESCENCE,EVANESCENCE,Bring Me To Life,http://open.spotify.com/track/0COqiPhxzoWICwFCS4eZcp,0.44557664
2000,PAPA ROACH,PAPA ROACH,Last Resort,https://open.spotify.com/track/5W8YXBz9MTIDyrpYaCg2Ky?si=7cbd405d342c44e9,0.113571117
2023,OFENBACH & NORMA JEAN MARTINE,OFENBACH,Overdrive,http://open.spotify.com/track/4fo7zZTzAJd66iUxDQ5xUD,0.952602215
2010,THE BAND PERRY,THE BAND PERRY,If I Die Young,https://open.spotify.com/track/4aY0tZIaboefmkBEsjAovI?si=5fcd57c9138a4c5c,0.382004888
2019,MARCO BORSATO & ARMIN VAN BUUREN & DAVINA MICHELLE,MARCO BORSATO,Hoe Het Danst,http://open.spotify.com/track/5cYOVkA2cnjKid9yigaMwq,0.628950746
2000,MILK INC,MILK INC.,Walk On Water,https://open.spotify.com/track/6Phug5Bw0QShaFvRMeBVzZ,0.682148285
1991,NIRVANA,NIRVANA,Smells Like Teen Spirit,http://open.spotify.com/track/5ghIJDpPoe3CfHMGu71E6T,0.539656155
2004,BRITNEY SPEARS,BRITNEY SPEARS,Toxic,http://open.spotify.com/track/6I9VzXrHxO9rA9A5euc8Ak,0.356648373
2021,ELTON JOHN & DUA LIPA,ELTON JOHN,Cold Heart (Pnau Remix),http://open.spotify.com/track/6zSpb8dQRaw0M1dK8PBwQz,0.246040571
2020,TIËSTO,TIËSTO,The Business,http://open.spotify.com/track/6f3Slt0GbA2bPZlz0aIFXN,0.768750011
2015,ADELE,ADELE,Water Under The Bridge,https://play.spotify.com/track/5jRMDFLiQaa4PKfabTMNYQ,0.976875303
2024,DAVID GUETTA & ONEREPUBLIC,DAVID GUETTA,I Don't Wanna Wait,https://open.spotify.com/track/331l3xABO0HMr1Kkyh2LZq?si=0cad6c8b876545aa,0.551318113
1994,CRANBERRIES,CRANBERRIES,Zombie,http://open.spotify.com/track/7EZC6E7UjZe63f1jRmkWxt,0.895157776
2018,P!NK,P!NK,A Million Dreams,http://open.spotify.com/track/0oagwWkGlBoACUuKvTmqZV,0.845412006
2003,WIM SOUTAER,WIM SOUTAER,Allemaal,http://open.spotify.com/track/5uswrfRMA6MpRICWXEE1Uq,0.200593394
1983,ELTON JOHN,ELTON JOHN,I'm Still Standing,http://open.spotify.com/track/1jDJFeK9x3OZboIAHsY9k2,0.647027413
2015,EMMA BALE,EMMA BALE,Run,http://open.spotify.com/track/4dqnFd0dfgh4HgZ1w3AGTE,0.47220871
2023,DUA LIPA,DUA LIPA,Houdini,https://open.spotify.com/track/4OMJGnvZfDvsePyCwRGO7X,0.256182891
2023,DUA LIPA,DUA LIPA,Dance The Night,https://open.spotify.com/track/1vYXt7VSjH9JIM5oRRo7vA,0.056217253
2000,3 DOORS DOWN,3 DOORS DOWN,Kryptonite,http://open.spotify.com/track/6ZOBP3NvffbU4SZcrnt1k6,0.995826748
2024,BEYONCÉ,BEYONCÉ,Texas Hold 'Em ,http://open.spotify.com/track/0Z7nGFVCLfixWctgePsRk9,0.412956653
1998,ULTIMATE KAOS,ULTIMATE KAOS,Casanova,https://open.spotify.com/track/6erBz7zbZ20KvWapbjSfID,0.627147757
1997,HANSON,HANSON,Mmmbop,http://open.spotify.com/track/0lnxrQAd9ZxbhBBe7d8FO8,0.237893712
2006,BLACK EYED PEAS,BLACK EYED PEAS,Pump It,http://open.spotify.com/track/6btyEL6NwUa97Nex9cZFvo,0.904317046
1981,OLIVIA NEWTON-JOHN,OLIVIA NEWTON-JOHN,Physical,http://open.spotify.com/track/4gitetlGHZ9LfuJhwUhEhF,0.240191221
2021,OFENBACH & ELLA HENDERSON,OFENBACH,Hurricane,http://open.spotify.com/track/0iVkWge9ytV4Scgy2hQ2za,0.480795746
2013,OZARK HENRY,OZARK HENRY,I'm Your Sacrifice,http://open.spotify.com/track/4WVFyCRW1ynI6J7BQyJLEm,0.645650616
2002,PHIL COLLINS,PHIL COLLINS,Can't Stop Loving You,https://open.spotify.com/track/2W6PNGCN4PGwPMf1jYazL4,0.971594652
2011,GOTYE and KIMBRA,GOTYE,Somebody That I Used To Know,http://open.spotify.com/track/4wCmqSrbyCgxEXROQE6vtV,0.74843789
1995,NIGHTCRAWLERS,NIGHTCRAWLERS,Push The Feeling On,http://open.spotify.com/track/1EWsVHU4FNAdtN4R8FETag,0.844243284
2010,K'NAAN,K'NAAN,Wavin' Flag,http://open.spotify.com/track/0mBREiw4ppCXccM7rsk2RC,0.559881046
1998,NATALIE IMBRUGLIA,NATALIE IMBRUGLIA,Torn,https://open.spotify.com/track/3APayTEWiUl9Ssep4BOXR2,0.101872445
2024,SHABOOZEY,SHABOOZEY,A Bar Song (Tipsy),http://open.spotify.com/track/2FQrifJ1N335Ljm3TjTVVf,0.111610482
2024,SABRINA CARPENTER,SABRINA CARPENTER,Espresso,https://open.spotify.com/track/2qSkIjg1o9h3YT9RAgYN75,0.631283552
2022,P!NK,P!NK,Never Gonna Not Dance Again,https://open.spotify.com/track/6sZo5nJIsFWXefRCCexpx0,0.084475443
2021,THE KID LAROI & JUSTIN BIEBER,THE KID LAROI,Stay,http://open.spotify.com/track/5HCyWlXZPP0y6Gqq8TgA20,0.529626086
1983,LIONEL RICHIE,LIONEL RICHIE,All Night Long,http://open.spotify.com/track/7gaQtc0vrSpmRJpSMDiPEk,0.632660073
2022,ED SHEERAN,ED SHEERAN,Celestial,https://open.spotify.com/track/4zrKN5Sv8JS5mqnbVcsul7,0.33166081
1998,CELINE DION,CELINE DION,My Heart Will Go On,https://open.spotify.com/track/3oEHQmhvFLiE7ZYES0ulzv?si=nhIs0HiQSs60JEw1RJZc4Q,0.825608939
1985,BRYAN ADAMS,BRYAN ADAMS,Heaven,http://open.spotify.com/track/3wvfuyGNtR7ySfRkhtXtO9,0.254033191
1992,U2,U2,One,http://open.spotify.com/track/7fGwROu7fgPGy0Ru8Q5nBJ,0.515830426
1988,DIRE STRAITS,DIRE STRAITS,Brothers In Arms,http://open.spotify.com/track/26tWBbtjvgi0tipRL2VQ2X,0.816603144
2010,KATY PERRY and SNOOP DOGG,KATY PERRY,California Gurls,http://open.spotify.com/track/0uslfroVWg7qGWhdduwC0K,0.096698641
1978,BEE GEES,BEE GEES,Stayin' Alive,http://open.spotify.com/track/5ubvP9oKmxLUVq506fgLhk,0.708562912
2013,BASTILLE,BASTILLE,Pompeii,http://open.spotify.com/track/3gbBpTdY8lnQwqxNCcf795,0.099013882
2021,LOST FREQUENCIES & CALUM SCOTT,LOST FREQUENCIES,Where Are You Now ,http://open.spotify.com/track/3uUuGVFu1V7jTQL60S1r8z,0.039219165
2003,JENNIFER LOPEZ,JENNIFER LOPEZ,Jenny From The Block,https://open.spotify.com/track/7LqjznQwfrax7MjQXmxqdQ,0.68248644
2007,FIXKES,FIXKES,Kvraagetaan,http://open.spotify.com/track/3Q4O3GO7XqwRxuzvZ5I8NU,0.7817003
2013,DEMI LOVATO,DEMI LOVATO,Let It Go,http://open.spotify.com/track/1A2PVHd6kWaMlaJVkMfXmz,0.757612561
2002,ENRIQUE IGLESIAS,ENRIQUE IGLESIAS,Escape,https://open.spotify.com/track/4anDsZBavxjw3Ktw6ICGYd,0.514726407
2015,AXWELL & INGROSSO,AXWELL & INGROSSO,Sun Is Shining,https://open.spotify.com/track/4b2tcjrG1qUkSdsqEFP2dB,0.831335124
2021,P!NK & WILLOW SAGE HART,P!NK,Cover Me In Sunshine,http://open.spotify.com/track/6Tio0ZoDeSQnI7EBAqWer2,0.103845634
2005,COLDPLAY,COLDPLAY,Fix You,http://open.spotify.com/track/7LVHVU3tWfcxj5aiPFEW4Q,0.015544505
2011,LYKKE LI,LYKKE LI,I Follow Rivers,http://open.spotify.com/track/4Jv7lweGIUOFQ7Oq2AtAh9,0.34252083
2021,CAMILLE,CAMILLE,Vuurwerk,http://open.spotify.com/track/0ij4IjHf1J5gEz7vdX6fAk,0.302276939
2021,COLDPLAY & BTS,COLDPLAY,My Universe,https://open.spotify.com/track/7btzRuXC6Ed3rIyomBRkO2?si=dd1b22933d1f41db,0.264774145
1997,ANOUK,ANOUK,Sacrifice,http://open.spotify.com/track/09SBfIEWAvQcQtAzuhL3p5,0.837736211
2023,MARK AMBOR,MARK AMBOR,Good To Be,https://open.spotify.com/track/2hPGC3ZuGsJUF1ixwzNMU6,0.937373087
1988,BILL MEDLEY and JENNIFER WARNES,BILL MEDLEY,(I've Had) The Time Of My Life,http://open.spotify.com/track/6W7ztLBiRzBN46ZaPAcQ0F,0.204059432
2021,TOM GRENNAN,TOM GRENNAN,Little Bit Of Love,http://open.spotify.com/track/78q4ESvMkPVJzHAV11LAGE,0.069746831
1988,TOTO,TOTO,Stop Loving You,http://open.spotify.com/track/73bzcsDjx9FqzqKWcPLMiH,0.402311354
1986,CHRIS REA,CHRIS REA,Driving Home For Christmas,http://open.spotify.com/track/3Z3QhZAZpqwZa1phsbQ3JZ,0.694266509
1984,LIMAHL,LIMAHL,Never Ending Story,https://open.spotify.com/track/1F43XlPBiwAUUIhrUGzylO?si=698535226b874661,0.042069219
2022,ELTON JOHN & BRITNEY SPEARS,ELTON JOHN,Hold Me Closer,https://open.spotify.com/track/72yP0DUlWPyH8P7IoxskwN,0.387878903
2009,DAVID GUETTA and KELLY ROWLAND,DAVID GUETTA,When Love Takes Over,http://open.spotify.com/track/77FULy278MulVvGWS8BfK7,0.557693145
1983,MICHAEL JACKSON,MICHAEL JACKSON,Thriller,https://open.spotify.com/track/3S2R0EVwBSAVMd5UMgKTL0,0.897364444
1995,ALANIS MORISSETTE,ALANIS MORISSETTE,You Oughta Know,http://open.spotify.com/track/3jS7bB0oXVOwGFZn3aE5NV,0.912579931
1990,ROXETTE,ROXETTE,It Must Have Been Love,http://open.spotify.com/track/6kvoHl80mfCVTv7XnZkjQn,0.316020435
2014,JAMES BAY,JAMES BAY,Hold Back The River,http://open.spotify.com/track/7tmtOEDxPN7CWaQWBsG1DY,0.755733331
2005,KELLY CLARKSON,KELLY CLARKSON,Since U Been Gone,http://open.spotify.com/track/3xrn9i8zhNZsTtcoWgQEAd,0.977113346
2013,AVICII,AVICII,Wake Me Up,http://open.spotify.com/track/0nrRP2bk19rLc0orkWPQk2,0.90072338
2003,JASPER STEVERLINCK,JASPER STEVERLINCK,Life On Mars,http://open.spotify.com/track/7jPHiYuun1ZQCWaSvS9TaJ,0.15986999
2012,RIHANNA,RIHANNA,Diamonds,http://open.spotify.com/track/1z9kQ14XBSN0r2v6fx4IdG,0.729767459
2013,MACKLEMORE & RYAN LEWIS,MACKLEMORE & RYAN LEWIS,Thrift Shop,http://open.spotify.com/track/6CjtS2JZH9RkDz5UVInsa9,0.046019269
2021,ED SHEERAN,ED SHEERAN,Bad Habits,http://open.spotify.com/track/3rmo8F54jFF8OgYsqTxm5d,0.464130555
1978,IGGY POP,IGGY POP,The Passenger,http://open.spotify.com/track/3yP0cohcr97BUNJcgvmSVg,0.137166201
1964,FRANK SINATRA,FRANK SINATRA,Fly Me To The Moon,https://open.spotify.com/track/1PVTvvxpSkyJWemW1CwVVk?si=f1f8e5d11d474a92,0.723286577
2009,JASON MRAZ,JASON MRAZ,I'm Yours,http://open.spotify.com/track/1EzrEOXmMH3G43AXT1y7pA,0.016402232
2009,FOO FIGHTERS,FOO FIGHTERS,Wheels,http://open.spotify.com/track/3KsatAMRt1a7iryhWt5I8U,0.696617222
2015,ADELE,ADELE,Hello,https://open.spotify.com/track/1MDoll6jK4rrk2BcFRP5i7,0.695628752
2007,RIHANNA,RIHANNA,Umbrella,http://open.spotify.com/track/49FYlytm3dAAraYgpoJZux,0.906483016
2018,BLØF & GEIKE ARNAERT,BLØF,Zoutelande,http://open.spotify.com/track/5rYilIuAwh6HhpVB44HI31,0.261608285
2011,CHRIS BROWN,CHRIS BROWN ,Yeah 3 X,http://open.spotify.com/track/0AUIjHlr9KfbVoemhhxHS6,0.377480735
2000,*NSYNC,*NSYNC,Bye Bye Bye,https://open.spotify.com/track/4r8lRYnoOGdEi6YyI5OC1o?si=3ca6c57117264591,0.643549868
1990,KREUNERS,KREUNERS,Ik Wil Je,http://open.spotify.com/track/273tQPryjrhviHolX8Dkpm,0.653210022
1987,U2,U2,I Still Haven't Found What I'm Looking For,http://open.spotify.com/track/6wpGqhRvJGNNXwWlPmkMyO,0.150838526
1987,FLEETWOOD MAC,FLEETWOOD MAC,Everywhere,http://open.spotify.com/track/254bXAqt3zP6P50BdQvEsq,0.439525426
1986,BANGLES,BANGLES,Walk Like An Egyptian,http://open.spotify.com/track/1Jwc3ODLQxtbnS8M9TflSP,0.091090764
1994,WET WET WET,WET WET WET,Love Is All Around,http://open.spotify.com/track/0PCGfA36HrVPmsBZJ57zOU,0.801966906
1986,BRYAN ADAMS,BRYAN ADAMS,Christmas Time,http://open.spotify.com/track/6aoWJSqAgHXacunJ2tdijv,0.416965322
1993,QUEEN & GEORGE MICHAEL,QUEEN,Somebody To Love,http://open.spotify.com/track/6cFZ4PLC19taNlpl9pbGMf,0.452648533
1999,BACKSTREET BOYS,BACKSTREET BOYS,I Want It That Way,http://open.spotify.com/track/47BBI51FKFwOMlIiX6m8ya,0.754205077
2014,CALVIN HARRIS,CALVIN HARRIS,Summer,http://open.spotify.com/track/6YUTL4dYpB9xZO5qExPf05,0.976106608
2012,FLO RIDA & SIA,FLO RIDA,Wild Ones,http://open.spotify.com/track/1NpW5kyvO4XrNJ3rnfcNy3,0.365687791
1997,REMBRANDTS,REMBRANDTS,I'll Be There For You,http://open.spotify.com/track/15tHagkk8z306XkyOHqiip,0.075590767
2016,BAZART,BAZART,Chaos,http://open.spotify.com/track/2TJOzo6Ea0rs1YuyaaXIXT,0.39676816
2024,LOST FREQUENCIES & BASTILLE,LOST FREQUENCIES,Head Down,https://open.spotify.com/track/7v4lL0VxQV8yTv29Tpf2sH,0.75271876
2017,ED SHEERAN,ED SHEERAN,Perfect,http://open.spotify.com/track/0tgVpDi06FyKpA1z0VMD4v,0.051315622
2022,TATE MCRAE,TATE MCRAE,She's All I Wanna Be,http://open.spotify.com/track/0IuVhCflrQPMGRrOyoY5RW,0.526884557
2002,CELINE DION,CELINE DION,I'm Alive,http://open.spotify.com/track/2FTZeRHQ4gRPViPMpWL9uX,0.468598699
2011,DAVID GUETTA & SIA,DAVID GUETTA,Titanium,http://open.spotify.com/track/0lHAMNU8RGiIObScrsRgmP,0.373796202
1984,QUEEN,QUEEN,I Want To Break Free,http://open.spotify.com/track/7h2yhVxcZOGyQdOwD4Hu8J,0.330431769
2012,THE SCRIPT & WILL.I.AM ,THE SCRIPT,Hall Of Fame,http://open.spotify.com/track/1X1DWw2pcNZ8zSub3uhlNz,0.639977671
2021,METEJOOR & EMMA HEESTERS,METEJOOR,Rendez-Vous,http://open.spotify.com/track/1pz6PTEHHrXWvkm6ktNUhm,0.580060216
1999,PHIL COLLINS,PHIL COLLINS,You'll Be In My Heart,http://open.spotify.com/track/1fTDYdx5zYfWJSX0JlKO8o,0.797513041
1990,URBANUS,URBANUS,Bakske Vol Met Stro,https://open.spotify.com/track/12GTSKBxbvC7xV0n16ZwKP?si=04ef7930c1f741c2,0.568445499
2011,SNOOP DOGG and DAVID GUETTA,SNOOP DOGG,Sweat,https://open.spotify.com/track/02yUHcUT4HckhJNrftZZtY,0.406885257
2014,WALK THE MOON,WALK THE MOON,Shut Up And Dance,http://open.spotify.com/track/4kbj5MwxO1bq9wjT5g9HaA,0.519288498
2011,ADELE,ADELE,Rolling In The Deep,http://open.spotify.com/track/1CkvWZme3pRgbzaxZnTl5X,0.954441288
1982,DEXYS MIDNIGHT RUNNERS,DEXYS MIDNIGHT RUNNERS,Come On Eileen,https://open.spotify.com/track/3MrWxJaD2AT0W9DjWF64Vm?si=3e5e7c61738c4f9c,0.599848848
2003,COLDPLAY,COLDPLAY,Clocks,http://open.spotify.com/track/0BCPKOYdS2jbQ8iyB56Zns,0.607404071
2022,GEORGE EZRA,GEORGE EZRA,Anyone For You,http://open.spotify.com/track/5iFQfP3AqVnHHS89LKQisL,0.127892915
2023,DAVID KUSHNER,DAVID KUSHNER,Daylight,https://open.spotify.com/track/4Gg1tYCl7rWR4laKbdtPA4?si=446ae43ef9064203,0.845090069
2002,COLDPLAY,COLDPLAY,The Scientist,http://open.spotify.com/track/75JFxkI2RXiU7L9VXzMkle,0.228090707
2015,DUA LIPA,DUA LIPA,Be The One,http://open.spotify.com/track/1ixphys4A3NEXp6MDScfih,0.441950599
2008,ALPHABEAT,ALPHABEAT,Fascination,http://open.spotify.com/track/5AKQ1JHezaXDmN5SyMSpEr,0.555422
2013,DAFT PUNK & PHARRELL WILLIAMS,DAFT PUNK,Get Lucky,http://open.spotify.com/track/2Foc5Q5nqNiosCNqttzHof,0.314515847
2021,MÅNESKIN,MÅNESKIN,Beggin',http://open.spotify.com/track/3Wrjm47oTz2sjIgck11l5e,0.016236624
